 ModelName, PropertyName, TimeBound, Time, FormulaSize, NumOfSMTCall, NumOfStates, ,
hybridsynchaadl Drone_Double_Integrator/verification/merge-vs-nonmerge, four-form-symmerge, 100, 2.020000s, 133851, 618, 2,
hybridsynchaadl Drone_Double_Integrator/verification/merge-vs-nonmerge, four-form-symmerge, 200, 7.436000s, 592634, 1235, 3,
hybridsynchaadl Drone_Double_Integrator/verification/merge-vs-nonmerge, four-form-symmerge, 300, Time-Out, 1160944, 1717, ,
hybridsynchaadl Drone_Double_Integrator/verification/merge-vs-nonmerge, four-form-symmerge, 400, Time-Out, 1160944, 1717, ,
hybridsynchaadl Drone_Double_Integrator/verification/merge-vs-nonmerge, four-form-sym-, 100, Time-Out, 644572565, 3805832, ,
hybridsynchaadl Drone_Double_Integrator/verification/merge-vs-nonmerge, four-form-sym-, 200, Time-Out, 647678512, 3816112, ,
hybridsynchaadl Drone_Double_Integrator/verification/merge-vs-nonmerge, four-form-sym-, 300, Time-Out, 649001893, 3820017, ,
hybridsynchaadl Drone_Double_Integrator/verification/merge-vs-nonmerge, four-form-sym-, 400, Time-Out, 647402777, 3815373, ,
hybridsynchaadl Drone_Double_Integrator/verification/merge-vs-nonmerge, four-revu-symmerge, 100, 1.448000s, 99382, 583, 2,
hybridsynchaadl Drone_Double_Integrator/verification/merge-vs-nonmerge, four-revu-symmerge, 200, 5.120000s, 448714, 1165, 3,
hybridsynchaadl Drone_Double_Integrator/verification/merge-vs-nonmerge, four-revu-symmerge, 300, 12.088000s, 1142062, 1747, 4,
hybridsynchaadl Drone_Double_Integrator/verification/merge-vs-nonmerge, four-revu-symmerge, 400, 23.720000s, 2176818, 2329, 5,
hybridsynchaadl Drone_Double_Integrator/verification/merge-vs-nonmerge, four-revu-sym, 100, Time-Out, 626938126, 4061932, ,
hybridsynchaadl Drone_Double_Integrator/verification/merge-vs-nonmerge, four-revu-sym, 200, Time-Out, 630980045, 4082581, ,
hybridsynchaadl Drone_Double_Integrator/verification/merge-vs-nonmerge, four-revu-sym, 300, Time-Out, 630015836, 4077116, ,
hybridsynchaadl Drone_Double_Integrator/verification/merge-vs-nonmerge, four-revu-sym, 400, Time-Out, 629600010, 4075501, ,
hybridsynchaadl Drone_Double_Integrator/verification/merge-vs-nonmerge, three-form-symmerge, 100, 1.516000s, 100716, 473, 2,
hybridsynchaadl Drone_Double_Integrator/verification/merge-vs-nonmerge, three-form-symmerge, 200, 5.108000s, 408862, 945, 3,
hybridsynchaadl Drone_Double_Integrator/verification/merge-vs-nonmerge, three-form-symmerge, 300, 12.336000s, 1044148, 1417, 4,
hybridsynchaadl Drone_Double_Integrator/verification/merge-vs-nonmerge, three-form-symmerge, 400, Time-Out, 1105295, 1433, ,
hybridsynchaadl Drone_Double_Integrator/verification/merge-vs-nonmerge, three-form-sym, 100, 622.624000s, 41214922, 173100, 11493,
hybridsynchaadl Drone_Double_Integrator/verification/merge-vs-nonmerge, three-form-sym, 200, Time-Out, 286682032, 628002, ,
hybridsynchaadl Drone_Double_Integrator/verification/merge-vs-nonmerge, three-form-sym, 300, Time-Out, 286682032, 628002, ,
hybridsynchaadl Drone_Double_Integrator/verification/merge-vs-nonmerge, three-form-sym, 400, Time-Out, 286682032, 628002, ,
hybridsynchaadl Drone_Double_Integrator/verification/merge-vs-nonmerge, three-revu-symmerge, 100, 1.080000s, 74543, 438, 2,
hybridsynchaadl Drone_Double_Integrator/verification/merge-vs-nonmerge, three-revu-symmerge, 200, 3.440000s, 301616, 875, 3,
hybridsynchaadl Drone_Double_Integrator/verification/merge-vs-nonmerge, three-revu-symmerge, 300, 7.588000s, 730748, 1312, 4,
hybridsynchaadl Drone_Double_Integrator/verification/merge-vs-nonmerge, three-revu-symmerge, 400, 13.948000s, 1361981, 1749, 5,
hybridsynchaadl Drone_Double_Integrator/verification/merge-vs-nonmerge, three-revu-sym, 100, 716.116000s, 51996418, 260113, 17577,
hybridsynchaadl Drone_Double_Integrator/verification/merge-vs-nonmerge, three-revu-sym, 200, Time-Out, 272919590, 929783, ,
hybridsynchaadl Drone_Double_Integrator/verification/merge-vs-nonmerge, three-revu-sym, 300, Time-Out, 272919590, 929783, ,
hybridsynchaadl Drone_Double_Integrator/verification/merge-vs-nonmerge, three-revu-sym, 400, Time-Out, 272919590, 929783, ,
hybridsynchaadl Drone_Double_Integrator/verification/merge-vs-nonmerge, two-form-symmerge, 100, 1.056000s, 67581, 328, 2,
hybridsynchaadl Drone_Double_Integrator/verification/merge-vs-nonmerge, two-form-symmerge, 200, 3.420000s, 250058, 655, 3,
hybridsynchaadl Drone_Double_Integrator/verification/merge-vs-nonmerge, two-form-symmerge, 300, 7.760000s, 604800, 982, 4,
hybridsynchaadl Drone_Double_Integrator/verification/merge-vs-nonmerge, two-form-symmerge, 400, Time-Out, 797561, 1143, ,
hybridsynchaadl Drone_Double_Integrator/verification/merge-vs-nonmerge, two-form-sym, 100, 22.828000s, 1730722, 9560, 443,
hybridsynchaadl Drone_Double_Integrator/verification/merge-vs-nonmerge, two-form-sym, 200, Time-Out, 109130760, 223533, ,
hybridsynchaadl Drone_Double_Integrator/verification/merge-vs-nonmerge, two-form-sym, 300, Time-Out, 109130760, 223533, ,
hybridsynchaadl Drone_Double_Integrator/verification/merge-vs-nonmerge, two-form-sym, 400, Time-Out, 109130760, 223533, ,
hybridsynchaadl Drone_Double_Integrator/verification/merge-vs-nonmerge, two-revu-symmerge, 100, 0.784000s, 49704, 293, 2,
hybridsynchaadl Drone_Double_Integrator/verification/merge-vs-nonmerge, two-revu-symmerge, 200, 2.196000s, 177804, 585, 3,
hybridsynchaadl Drone_Double_Integrator/verification/merge-vs-nonmerge, two-revu-symmerge, 300, 4.648000s, 403308, 877, 4,
hybridsynchaadl Drone_Double_Integrator/verification/merge-vs-nonmerge, two-revu-symmerge, 400, 8.056000s, 727576, 1169, 5,
hybridsynchaadl Drone_Double_Integrator/verification/merge-vs-nonmerge, two-revu-sym, 100, 21.036000s, 1641054, 9993, 677,
hybridsynchaadl Drone_Double_Integrator/verification/merge-vs-nonmerge, two-revu-sym, 200, Time-Out, 9817385, 38723, ,
hybridsynchaadl Drone_Double_Integrator/verification/merge-vs-nonmerge, two-revu-sym, 300, Time-Out, 9817385, 38723, ,
hybridsynchaadl Drone_Double_Integrator/verification/merge-vs-nonmerge, two-revu-sym, 400, Time-Out, 9817385, 38723, ,
hybridsynchaadl Drone_Single_Integrator/verification/merge-vs-nonmerge, four-form-symmerge, 100, 1.320000s, 100501, 618, 2,
hybridsynchaadl Drone_Single_Integrator/verification/merge-vs-nonmerge, four-form-symmerge, 200, 4.596000s, 440386, 1235, 3,
hybridsynchaadl Drone_Single_Integrator/verification/merge-vs-nonmerge, four-form-symmerge, 300, 11.132000s, 1148294, 1852, 4,
hybridsynchaadl Drone_Single_Integrator/verification/merge-vs-nonmerge, four-form-symmerge, 400, Time-Out, 1397692, 2029, ,
hybridsynchaadl Drone_Single_Integrator/verification/merge-vs-nonmerge, four-form-sym, 100, Time-Out, 741838302, 4701847, ,
hybridsynchaadl Drone_Single_Integrator/verification/merge-vs-nonmerge, four-form-sym, 200, Time-Out, 753203041, 4750474, ,
hybridsynchaadl Drone_Single_Integrator/verification/merge-vs-nonmerge, four-form-sym, 300, Time-Out, 750162616, 4738861, ,
hybridsynchaadl Drone_Single_Integrator/verification/merge-vs-nonmerge, four-form-sym, 400, Time-Out, 712835533, 4567010, ,
hybridsynchaadl Drone_Single_Integrator/verification/merge-vs-nonmerge, four-revu-symmerge, 100, 1.056000s, 77038, 583, 2,
hybridsynchaadl Drone_Single_Integrator/verification/merge-vs-nonmerge, four-revu-symmerge, 200, 3.384000s, 339810, 1165, 3,
hybridsynchaadl Drone_Single_Integrator/verification/merge-vs-nonmerge, four-revu-symmerge, 300, 7.376000s, 851262, 1747, 4,
hybridsynchaadl Drone_Single_Integrator/verification/merge-vs-nonmerge, four-revu-symmerge, 400, 13.964000s, 1602978, 2329, 5,
hybridsynchaadl Drone_Single_Integrator/verification/merge-vs-nonmerge, four-revu-sym, 100, Time-Out, 719226897, 5190455, ,
hybridsynchaadl Drone_Single_Integrator/verification/merge-vs-nonmerge, four-revu-sym, 200, Time-Out, 773695505, 5400945, ,
hybridsynchaadl Drone_Single_Integrator/verification/merge-vs-nonmerge, four-revu-sym, 300, Time-Out, 719019804, 5188923, ,
hybridsynchaadl Drone_Single_Integrator/verification/merge-vs-nonmerge, four-revu-sym, 400, Time-Out, 777322250, 5413201, ,
hybridsynchaadl Drone_Single_Integrator/verification/merge-vs-nonmerge, three-form-symmerge, 100, 1.060000s, 75620, 473, 2,
hybridsynchaadl Drone_Single_Integrator/verification/merge-vs-nonmerge, three-form-symmerge, 200, 3.116000s, 302864, 945, 3,
hybridsynchaadl Drone_Single_Integrator/verification/merge-vs-nonmerge, three-form-symmerge, 300, 7.616000s, 755988, 1417, 4,
hybridsynchaadl Drone_Single_Integrator/verification/merge-vs-nonmerge, three-form-symmerge, 400, 17.008000s, 1446362, 1889, 5,
hybridsynchaadl Drone_Single_Integrator/verification/merge-vs-nonmerge, three-form-sym, 100, 608.152000s, 46888686, 260148, 17577,
hybridsynchaadl Drone_Single_Integrator/verification/merge-vs-nonmerge, three-form-sym, 200, Time-Out, 679748045, 2060324, ,
hybridsynchaadl Drone_Single_Integrator/verification/merge-vs-nonmerge, three-form-sym, 300, Time-Out, 743638842, 2261533, ,
hybridsynchaadl Drone_Single_Integrator/verification/merge-vs-nonmerge, three-form-sym, 400, Time-Out, 712518494, 2192196, ,
hybridsynchaadl Drone_Single_Integrator/verification/merge-vs-nonmerge, three-revu-symmerge, 100, 0.804000s, 57785, 438, 2,
hybridsynchaadl Drone_Single_Integrator/verification/merge-vs-nonmerge, three-revu-symmerge, 200, 2.300000s, 228434, 875, 3,
hybridsynchaadl Drone_Single_Integrator/verification/merge-vs-nonmerge, three-revu-symmerge, 300, 4.820000s, 544832, 1312, 4,
hybridsynchaadl Drone_Single_Integrator/verification/merge-vs-nonmerge, three-revu-symmerge, 400, 8.656000s, 1002953, 1749, 5,
hybridsynchaadl Drone_Single_Integrator/verification/merge-vs-nonmerge, three-revu-sym, 100, 458.968000s, 38871426, 260113, 17577,
hybridsynchaadl Drone_Single_Integrator/verification/merge-vs-nonmerge, three-revu-sym, 200, Time-Out, 780463820, 3355387, ,
hybridsynchaadl Drone_Single_Integrator/verification/merge-vs-nonmerge, three-revu-sym, 300, Time-Out, 839738911, 3571164, ,
hybridsynchaadl Drone_Single_Integrator/verification/merge-vs-nonmerge, three-revu-sym, 400, Time-Out, 843527880, 3580417, ,
hybridsynchaadl Drone_Single_Integrator/verification/merge-vs-nonmerge, two-form-symmerge, 100, 0.748000s, 50739, 328, 2,
hybridsynchaadl Drone_Single_Integrator/verification/merge-vs-nonmerge, two-form-symmerge, 200, 2.040000s, 184646, 655, 3,
hybridsynchaadl Drone_Single_Integrator/verification/merge-vs-nonmerge, two-form-symmerge, 300, 4.496000s, 437182, 982, 4,
hybridsynchaadl Drone_Single_Integrator/verification/merge-vs-nonmerge, two-form-symmerge, 400, 8.040000s, 814169, 1309, 5,
hybridsynchaadl Drone_Single_Integrator/verification/merge-vs-nonmerge, two-form-sym, 100, 18.636000s, 1514558, 10028, 677,
hybridsynchaadl Drone_Single_Integrator/verification/merge-vs-nonmerge, two-form-sym, 200, Time-Out, 744843153, 2231904, ,
hybridsynchaadl Drone_Single_Integrator/verification/merge-vs-nonmerge, two-form-sym, 300, Time-Out, 786184365, 2353759, ,
hybridsynchaadl Drone_Single_Integrator/verification/merge-vs-nonmerge, two-form-sym, 400, Time-Out, 718813323, 2156116, ,
hybridsynchaadl Drone_Single_Integrator/verification/merge-vs-nonmerge, two-revu-symmerge, 100, 0.536000s, 38532, 293, 2,
hybridsynchaadl Drone_Single_Integrator/verification/merge-vs-nonmerge, two-revu-symmerge, 200, 1.520000s, 134680, 585, 3,
hybridsynchaadl Drone_Single_Integrator/verification/merge-vs-nonmerge, two-revu-symmerge, 300, 2.788000s, 300820, 877, 4,
hybridsynchaadl Drone_Single_Integrator/verification/merge-vs-nonmerge, two-revu-symmerge, 400, 4.760000s, 535792, 1169, 5,
hybridsynchaadl Drone_Single_Integrator/verification/merge-vs-nonmerge, two-revu-sym, 100, 14.280000s, 1205726, 9993, 677,
hybridsynchaadl Drone_Single_Integrator/verification/merge-vs-nonmerge, two-revu-sym, 200, 5864.316000s, 464995228, 2185825, 21003,
hybridsynchaadl Drone_Single_Integrator/verification/merge-vs-nonmerge, two-revu-sym, 300, Time-Out, 562518288, 2474244, ,
hybridsynchaadl Drone_Single_Integrator/verification/merge-vs-nonmerge, two-revu-sym, 400, Time-Out, 562518288, 2474244, ,
hybridsynchaadl Thermostat/verification/merge-vs-nonmerge, four-symmerge, 100, 0.304000s, 7756, 115, 2,
hybridsynchaadl Thermostat/verification/merge-vs-nonmerge, four-symmerge, 200, 0.740000s, 37352, 273, 3,
hybridsynchaadl Thermostat/verification/merge-vs-nonmerge, four-symmerge, 300, 1.900000s, 98818, 431, 4,
hybridsynchaadl Thermostat/verification/merge-vs-nonmerge, four-symmerge, 400, 4.936000s, 192292, 589, 5,
hybridsynchaadl Thermostat/verification/merge-vs-nonmerge, four-sym, 100, 67.192000s, 5921190, 59123, 82,
hybridsynchaadl Thermostat/verification/merge-vs-nonmerge, four-sym, 200, Time-Out, 1154887710, 4981079, ,
hybridsynchaadl Thermostat/verification/merge-vs-nonmerge, four-sym, 300, Time-Out, 1112145978, 4799365, ,
hybridsynchaadl Thermostat/verification/merge-vs-nonmerge, four-sym, 400, Time-Out, 1155105468, 4982615, ,
hybridsynchaadl Thermostat/verification/merge-vs-nonmerge, three-symmerge, 100, 0.236000s, 5794, 87, 2,
hybridsynchaadl Thermostat/verification/merge-vs-nonmerge, three-symmerge, 200, 0.568000s, 25789, 206, 3,
hybridsynchaadl Thermostat/verification/merge-vs-nonmerge, three-symmerge, 300, 1.240000s, 65107, 325, 4,
hybridsynchaadl Thermostat/verification/merge-vs-nonmerge, three-symmerge, 400, 2.728000s, 123844, 444, 5,
hybridsynchaadl Thermostat/verification/merge-vs-nonmerge, three-sym, 100, 6.276000s, 559733, 6581, 28,
hybridsynchaadl Thermostat/verification/merge-vs-nonmerge, three-sym, 200, 690.868000s, 79627547, 416184, 465,
hybridsynchaadl Thermostat/verification/merge-vs-nonmerge, three-sym, 300, Time-Out, 930494318, 3133033, ,
hybridsynchaadl Thermostat/verification/merge-vs-nonmerge, three-sym, 400, Time-Out, 1014229257, 3392193, ,
hybridsynchaadl Thermostat/verification/merge-vs-nonmerge, two-symmerge, 100, 0.184000s, 3832, 59, 2,
hybridsynchaadl Thermostat/verification/merge-vs-nonmerge, two-symmerge, 200, 0.376000s, 15734, 139, 3,
hybridsynchaadl Thermostat/verification/merge-vs-nonmerge, two-symmerge, 300, 0.768000s, 37496, 219, 4,
hybridsynchaadl Thermostat/verification/merge-vs-nonmerge, two-symmerge, 400, 1.368000s, 69176, 299, 5,
hybridsynchaadl Thermostat/verification/merge-vs-nonmerge, two-sym, 100, 0.560000s, 51178, 731, 10,
hybridsynchaadl Thermostat/verification/merge-vs-nonmerge, two-sym, 200, 15.152000s, 1695244, 12109, 66,
hybridsynchaadl Thermostat/verification/merge-vs-nonmerge, two-sym, 300, 204.028000s, 19445070, 88716, 223,
hybridsynchaadl Thermostat/verification/merge-vs-nonmerge, two-sym, 400, 1138.136000s, 98587632, 331723, 591,
