 ModelName, PropertyName, TimeBound, Time, FormulaSize, NumOfSMTCall, NumOfStates, ,
hybridsynchaadl Drone_Double_Integrator/verification/merge-vs-nonmerge, four-form-symmerge, 100, 2.064000s, 133851, 618, 2,
hybridsynchaadl Drone_Double_Integrator/verification/merge-vs-nonmerge, four-form-symmerge, 200, 7.464000s, 592634, 1235, 3,
hybridsynchaadl Drone_Double_Integrator/verification/merge-vs-nonmerge, four-form-symmerge, 300, Time-Out, 1160944, 1717, ,
hybridsynchaadl Drone_Double_Integrator/verification/merge-vs-nonmerge, four-form-symmerge, 400, Time-Out, 1160944, 1717, ,
hybridsynchaadl Drone_Double_Integrator/verification/merge-vs-nonmerge, four-form-sym-, 100, Time-Out, 641140529, 3794855, ,
hybridsynchaadl Drone_Double_Integrator/verification/merge-vs-nonmerge, four-form-sym-, 200, Time-Out, 644687390, 3806232, ,
hybridsynchaadl Drone_Double_Integrator/verification/merge-vs-nonmerge, four-form-sym-, 300, Time-Out, 642717035, 3800617, ,
hybridsynchaadl Drone_Double_Integrator/verification/merge-vs-nonmerge, four-form-sym-, 400, Time-Out, 642059036, 3798892, ,
hybridsynchaadl Drone_Double_Integrator/verification/merge-vs-nonmerge, four-revu-symmerge, 100, 1.464000s, 99382, 583, 2,
hybridsynchaadl Drone_Double_Integrator/verification/merge-vs-nonmerge, four-revu-symmerge, 200, 5.148000s, 448714, 1165, 3,
hybridsynchaadl Drone_Double_Integrator/verification/merge-vs-nonmerge, four-revu-symmerge, 300, 12.120000s, 1142062, 1747, 4,
hybridsynchaadl Drone_Double_Integrator/verification/merge-vs-nonmerge, four-revu-symmerge, 400, 23.888000s, 2176818, 2329, 5,
hybridsynchaadl Drone_Double_Integrator/verification/merge-vs-nonmerge, four-revu-sym, 100, Time-Out, 619567933, 4026557, ,
hybridsynchaadl Drone_Double_Integrator/verification/merge-vs-nonmerge, four-revu-sym, 200, Time-Out, 627296164, 4064627, ,
hybridsynchaadl Drone_Double_Integrator/verification/merge-vs-nonmerge, four-revu-sym, 300, Time-Out, 622830214, 4041401, ,
hybridsynchaadl Drone_Double_Integrator/verification/merge-vs-nonmerge, four-revu-sym, 400, Time-Out, 625458400, 4053302, ,
hybridsynchaadl Drone_Double_Integrator/verification/merge-vs-nonmerge, three-form-symmerge, 100, 1.504000s, 100716, 473, 2,
hybridsynchaadl Drone_Double_Integrator/verification/merge-vs-nonmerge, three-form-symmerge, 200, 5.072000s, 408862, 945, 3,
hybridsynchaadl Drone_Double_Integrator/verification/merge-vs-nonmerge, three-form-symmerge, 300, 12.232000s, 1044148, 1417, 4,
hybridsynchaadl Drone_Double_Integrator/verification/merge-vs-nonmerge, three-form-symmerge, 400, Time-Out, 1105295, 1433, ,
hybridsynchaadl Drone_Double_Integrator/verification/merge-vs-nonmerge, three-form-sym, 100, 618.712000s, 41214922, 173100, 11493,
hybridsynchaadl Drone_Double_Integrator/verification/merge-vs-nonmerge, three-form-sym, 200, Time-Out, 288064767, 629233, ,
hybridsynchaadl Drone_Double_Integrator/verification/merge-vs-nonmerge, three-form-sym, 300, Time-Out, 286682032, 628002, ,
hybridsynchaadl Drone_Double_Integrator/verification/merge-vs-nonmerge, three-form-sym, 400, Time-Out, 286682032, 628002, ,
hybridsynchaadl Drone_Double_Integrator/verification/merge-vs-nonmerge, three-revu-symmerge, 100, 1.080000s, 74543, 438, 2,
hybridsynchaadl Drone_Double_Integrator/verification/merge-vs-nonmerge, three-revu-symmerge, 200, 3.460000s, 301616, 875, 3,
hybridsynchaadl Drone_Double_Integrator/verification/merge-vs-nonmerge, three-revu-symmerge, 300, 7.564000s, 730748, 1312, 4,
hybridsynchaadl Drone_Double_Integrator/verification/merge-vs-nonmerge, three-revu-symmerge, 400, 13.932000s, 1361981, 1749, 5,
hybridsynchaadl Drone_Double_Integrator/verification/merge-vs-nonmerge, three-revu-sym, 100, 712.964000s, 51996418, 260113, 17577,
hybridsynchaadl Drone_Double_Integrator/verification/merge-vs-nonmerge, three-revu-sym, 200, Time-Out, 272919590, 929783, ,
hybridsynchaadl Drone_Double_Integrator/verification/merge-vs-nonmerge, three-revu-sym, 300, Time-Out, 272919590, 929783, ,
hybridsynchaadl Drone_Double_Integrator/verification/merge-vs-nonmerge, three-revu-sym, 400, Time-Out, 272919590, 929783, ,
hybridsynchaadl Drone_Double_Integrator/verification/merge-vs-nonmerge, two-form-symmerge, 100, 1.056000s, 67581, 328, 2,
hybridsynchaadl Drone_Double_Integrator/verification/merge-vs-nonmerge, two-form-symmerge, 200, 3.280000s, 250058, 655, 3,
hybridsynchaadl Drone_Double_Integrator/verification/merge-vs-nonmerge, two-form-symmerge, 300, 7.400000s, 604800, 982, 4,
hybridsynchaadl Drone_Double_Integrator/verification/merge-vs-nonmerge, two-form-symmerge, 400, Time-Out, 797561, 1143, ,
hybridsynchaadl Drone_Double_Integrator/verification/merge-vs-nonmerge, two-form-sym, 100, 21.460000s, 1730722, 9560, 443,
hybridsynchaadl Drone_Double_Integrator/verification/merge-vs-nonmerge, two-form-sym, 200, Time-Out, 109130760, 223533, ,
hybridsynchaadl Drone_Double_Integrator/verification/merge-vs-nonmerge, two-form-sym, 300, Time-Out, 109130760, 223533, ,
hybridsynchaadl Drone_Double_Integrator/verification/merge-vs-nonmerge, two-form-sym, 400, Time-Out, 109130760, 223533, ,
hybridsynchaadl Drone_Double_Integrator/verification/merge-vs-nonmerge, two-revu-symmerge, 100, 0.788000s, 49704, 293, 2,
hybridsynchaadl Drone_Double_Integrator/verification/merge-vs-nonmerge, two-revu-symmerge, 200, 2.192000s, 177804, 585, 3,
hybridsynchaadl Drone_Double_Integrator/verification/merge-vs-nonmerge, two-revu-symmerge, 300, 4.648000s, 403308, 877, 4,
hybridsynchaadl Drone_Double_Integrator/verification/merge-vs-nonmerge, two-revu-symmerge, 400, 7.956000s, 727576, 1169, 5,
hybridsynchaadl Drone_Double_Integrator/verification/merge-vs-nonmerge, two-revu-sym, 100, 20.420000s, 1641054, 9993, 677,
hybridsynchaadl Drone_Double_Integrator/verification/merge-vs-nonmerge, two-revu-sym, 200, Time-Out, 9817385, 38723, ,
hybridsynchaadl Drone_Double_Integrator/verification/merge-vs-nonmerge, two-revu-sym, 300, Time-Out, 9817385, 38723, ,
hybridsynchaadl Drone_Double_Integrator/verification/merge-vs-nonmerge, two-revu-sym, 400, Time-Out, 9817385, 38723, ,
hybridsynchaadl Drone_Single_Integrator/verification/merge-vs-nonmerge, four-form-symmerge, 100, 1.296000s, 100501, 618, 2,
hybridsynchaadl Drone_Single_Integrator/verification/merge-vs-nonmerge, four-form-symmerge, 200, 4.368000s, 440386, 1235, 3,
hybridsynchaadl Drone_Single_Integrator/verification/merge-vs-nonmerge, four-form-symmerge, 300, 11.120000s, 1148294, 1852, 4,
hybridsynchaadl Drone_Single_Integrator/verification/merge-vs-nonmerge, four-form-symmerge, 400, Time-Out, 1397692, 2029, ,
hybridsynchaadl Drone_Single_Integrator/verification/merge-vs-nonmerge, four-form-sym, 100, Time-Out, 750501505, 4740833, ,
hybridsynchaadl Drone_Single_Integrator/verification/merge-vs-nonmerge, four-form-sym, 200, Time-Out, 723901308, 4617834, ,
hybridsynchaadl Drone_Single_Integrator/verification/merge-vs-nonmerge, four-form-sym, 300, Time-Out, 747258613, 4728587, ,
hybridsynchaadl Drone_Single_Integrator/verification/merge-vs-nonmerge, four-form-sym, 400, Time-Out, 756794208, 4767594, ,
hybridsynchaadl Drone_Single_Integrator/verification/merge-vs-nonmerge, four-revu-symmerge, 100, 1.060000s, 77038, 583, 2,
hybridsynchaadl Drone_Single_Integrator/verification/merge-vs-nonmerge, four-revu-symmerge, 200, 3.420000s, 339810, 1165, 3,
hybridsynchaadl Drone_Single_Integrator/verification/merge-vs-nonmerge, four-revu-symmerge, 300, 7.728000s, 851262, 1747, 4,
hybridsynchaadl Drone_Single_Integrator/verification/merge-vs-nonmerge, four-revu-symmerge, 400, 14.300000s, 1602978, 2329, 5,
hybridsynchaadl Drone_Single_Integrator/verification/merge-vs-nonmerge, four-revu-sym, 100, Time-Out, 744523214, 5312230, ,
hybridsynchaadl Drone_Single_Integrator/verification/merge-vs-nonmerge, four-revu-sym, 200, Time-Out, 748235753, 5322516, ,
hybridsynchaadl Drone_Single_Integrator/verification/merge-vs-nonmerge, four-revu-sym, 300, Time-Out, 774902038, 5404433, ,
hybridsynchaadl Drone_Single_Integrator/verification/merge-vs-nonmerge, four-revu-sym, 400, Time-Out, 772281254, 5395985, ,
hybridsynchaadl Drone_Single_Integrator/verification/merge-vs-nonmerge, three-form-symmerge, 100, 0.996000s, 75620, 473, 2,
hybridsynchaadl Drone_Single_Integrator/verification/merge-vs-nonmerge, three-form-symmerge, 200, 3.288000s, 302864, 945, 3,
hybridsynchaadl Drone_Single_Integrator/verification/merge-vs-nonmerge, three-form-symmerge, 300, 7.056000s, 755988, 1417, 4,
hybridsynchaadl Drone_Single_Integrator/verification/merge-vs-nonmerge, three-form-symmerge, 400, 17.084000s, 1446362, 1889, 5,
hybridsynchaadl Drone_Single_Integrator/verification/merge-vs-nonmerge, three-form-sym, 100, 633.624000s, 46888686, 260148, 17577,
hybridsynchaadl Drone_Single_Integrator/verification/merge-vs-nonmerge, three-form-sym, 200, Time-Out, 707419178, 2178064, ,
hybridsynchaadl Drone_Single_Integrator/verification/merge-vs-nonmerge, three-form-sym, 300, Time-Out, 740879714, 2256848, ,
hybridsynchaadl Drone_Single_Integrator/verification/merge-vs-nonmerge, three-form-sym, 400, Time-Out, 681310096, 2062525, ,
hybridsynchaadl Drone_Single_Integrator/verification/merge-vs-nonmerge, three-revu-symmerge, 100, 0.764000s, 57785, 438, 2,
hybridsynchaadl Drone_Single_Integrator/verification/merge-vs-nonmerge, three-revu-symmerge, 200, 2.416000s, 228434, 875, 3,
hybridsynchaadl Drone_Single_Integrator/verification/merge-vs-nonmerge, three-revu-symmerge, 300, 4.844000s, 544832, 1312, 4,
hybridsynchaadl Drone_Single_Integrator/verification/merge-vs-nonmerge, three-revu-symmerge, 400, 8.948000s, 1002953, 1749, 5,
hybridsynchaadl Drone_Single_Integrator/verification/merge-vs-nonmerge, three-revu-sym, 100, 491.496000s, 38871426, 260113, 17577,
hybridsynchaadl Drone_Single_Integrator/verification/merge-vs-nonmerge, three-revu-sym, 200, Time-Out, 834001281, 3550473, ,
hybridsynchaadl Drone_Single_Integrator/verification/merge-vs-nonmerge, three-revu-sym, 300, Time-Out, 838989306, 3568056, ,
hybridsynchaadl Drone_Single_Integrator/verification/merge-vs-nonmerge, three-revu-sym, 400, Time-Out, 842734177, 3578451, ,
hybridsynchaadl Drone_Single_Integrator/verification/merge-vs-nonmerge, two-form-symmerge, 100, 0.700000s, 50739, 328, 2,
hybridsynchaadl Drone_Single_Integrator/verification/merge-vs-nonmerge, two-form-symmerge, 200, 2.032000s, 184646, 655, 3,
hybridsynchaadl Drone_Single_Integrator/verification/merge-vs-nonmerge, two-form-symmerge, 300, 4.496000s, 437182, 982, 4,
hybridsynchaadl Drone_Single_Integrator/verification/merge-vs-nonmerge, two-form-symmerge, 400, 7.848000s, 814169, 1309, 5,
hybridsynchaadl Drone_Single_Integrator/verification/merge-vs-nonmerge, two-form-sym, 100, 18.888000s, 1514558, 10028, 677,
hybridsynchaadl Drone_Single_Integrator/verification/merge-vs-nonmerge, two-form-sym, 200, Time-Out, 772603159, 2315100, ,
hybridsynchaadl Drone_Single_Integrator/verification/merge-vs-nonmerge, two-form-sym, 300, Time-Out, 782840272, 2344159, ,
hybridsynchaadl Drone_Single_Integrator/verification/merge-vs-nonmerge, two-form-sym, 400, Time-Out, 721890927, 2165275, ,
hybridsynchaadl Drone_Single_Integrator/verification/merge-vs-nonmerge, two-revu-symmerge, 100, 0.540000s, 38532, 293, 2,
hybridsynchaadl Drone_Single_Integrator/verification/merge-vs-nonmerge, two-revu-symmerge, 200, 1.456000s, 134680, 585, 3,
hybridsynchaadl Drone_Single_Integrator/verification/merge-vs-nonmerge, two-revu-symmerge, 300, 2.984000s, 300820, 877, 4,
hybridsynchaadl Drone_Single_Integrator/verification/merge-vs-nonmerge, two-revu-symmerge, 400, 4.700000s, 535792, 1169, 5,
hybridsynchaadl Drone_Single_Integrator/verification/merge-vs-nonmerge, two-revu-sym, 100, 13.620000s, 1205726, 9993, 677,
hybridsynchaadl Drone_Single_Integrator/verification/merge-vs-nonmerge, two-revu-sym, 200, 5876.312000s, 464995228, 2185825, 21003,
hybridsynchaadl Drone_Single_Integrator/verification/merge-vs-nonmerge, two-revu-sym, 300, Time-Out, 562518288, 2474244, ,
hybridsynchaadl Drone_Single_Integrator/verification/merge-vs-nonmerge, two-revu-sym, 400, Time-Out, 562518288, 2474244, ,
hybridsynchaadl Thermostat/verification/merge-vs-nonmerge, four-symmerge, 100, 0.292000s, 7756, 115, 2,
hybridsynchaadl Thermostat/verification/merge-vs-nonmerge, four-symmerge, 200, 0.792000s, 37352, 273, 3,
hybridsynchaadl Thermostat/verification/merge-vs-nonmerge, four-symmerge, 300, 1.824000s, 98818, 431, 4,
hybridsynchaadl Thermostat/verification/merge-vs-nonmerge, four-symmerge, 400, 4.920000s, 192292, 589, 5,
hybridsynchaadl Thermostat/verification/merge-vs-nonmerge, four-sym, 100, 68.748000s, 5921190, 59123, 82,
hybridsynchaadl Thermostat/verification/merge-vs-nonmerge, four-sym, 200, Time-Out, 1068621005, 4616731, ,
hybridsynchaadl Thermostat/verification/merge-vs-nonmerge, four-sym, 300, Time-Out, 1150512465, 4939873, ,
hybridsynchaadl Thermostat/verification/merge-vs-nonmerge, four-sym, 400, Time-Out, 1110140826, 4781513, ,
hybridsynchaadl Thermostat/verification/merge-vs-nonmerge, three-symmerge, 100, 0.240000s, 5794, 87, 2,
hybridsynchaadl Thermostat/verification/merge-vs-nonmerge, three-symmerge, 200, 0.580000s, 25789, 206, 3,
hybridsynchaadl Thermostat/verification/merge-vs-nonmerge, three-symmerge, 300, 1.180000s, 65107, 325, 4,
hybridsynchaadl Thermostat/verification/merge-vs-nonmerge, three-symmerge, 400, 2.636000s, 123844, 444, 5,
hybridsynchaadl Thermostat/verification/merge-vs-nonmerge, three-sym, 100, 5.988000s, 559733, 6581, 28,
hybridsynchaadl Thermostat/verification/merge-vs-nonmerge, three-sym, 200, 684.264000s, 79627547, 416184, 465,
hybridsynchaadl Thermostat/verification/merge-vs-nonmerge, three-sym, 300, Time-Out, 1009724559, 3375854, ,
hybridsynchaadl Thermostat/verification/merge-vs-nonmerge, three-sym, 400, Time-Out, 970553624, 3254728, ,
hybridsynchaadl Thermostat/verification/merge-vs-nonmerge, two-symmerge, 100, 0.196000s, 3832, 59, 2,
hybridsynchaadl Thermostat/verification/merge-vs-nonmerge, two-symmerge, 200, 0.368000s, 15734, 139, 3,
hybridsynchaadl Thermostat/verification/merge-vs-nonmerge, two-symmerge, 300, 0.728000s, 37496, 219, 4,
hybridsynchaadl Thermostat/verification/merge-vs-nonmerge, two-symmerge, 400, 1.392000s, 69176, 299, 5,
hybridsynchaadl Thermostat/verification/merge-vs-nonmerge, two-sym, 100, 0.536000s, 51178, 731, 10,
hybridsynchaadl Thermostat/verification/merge-vs-nonmerge, two-sym, 200, 15.036000s, 1695244, 12109, 66,
hybridsynchaadl Thermostat/verification/merge-vs-nonmerge, two-sym, 300, 202.320000s, 19445070, 88716, 223,
hybridsynchaadl Thermostat/verification/merge-vs-nonmerge, two-sym, 400, 1135.048000s, 98587632, 331723, 591,
