 ModelName, PropertyName, TimeBound, Time, FormulaSize, NumOfSMTCall, NumOfStates, ,
hybridsynchaadl Drone_Double_Integrator/verification/merge-vs-nonmerge, four-form-symmerge, 100, 1.984000s, 133851, 618, 2,
hybridsynchaadl Drone_Double_Integrator/verification/merge-vs-nonmerge, four-form-symmerge, 200, 7.312000s, 592634, 1235, 3,
hybridsynchaadl Drone_Double_Integrator/verification/merge-vs-nonmerge, four-form-symmerge, 300, Time-Out, 1160944, 1717, ,
hybridsynchaadl Drone_Double_Integrator/verification/merge-vs-nonmerge, four-form-symmerge, 400, Time-Out, 1160944, 1717, ,
hybridsynchaadl Drone_Double_Integrator/verification/merge-vs-nonmerge, four-form-sym-, 100, Time-Out, 648753109, 3819186, ,
hybridsynchaadl Drone_Double_Integrator/verification/merge-vs-nonmerge, four-form-sym-, 200, Time-Out, 652416547, 3832660, ,
hybridsynchaadl Drone_Double_Integrator/verification/merge-vs-nonmerge, four-form-sym-, 300, Time-Out, 648698666, 3818997, ,
hybridsynchaadl Drone_Double_Integrator/verification/merge-vs-nonmerge, four-form-sym-, 400, Time-Out, 654059475, 3837843, ,
hybridsynchaadl Drone_Double_Integrator/verification/merge-vs-nonmerge, four-revu-symmerge, 100, 1.436000s, 99382, 583, 2,
hybridsynchaadl Drone_Double_Integrator/verification/merge-vs-nonmerge, four-revu-symmerge, 200, 5.036000s, 448714, 1165, 3,
hybridsynchaadl Drone_Double_Integrator/verification/merge-vs-nonmerge, four-revu-symmerge, 300, 11.920000s, 1142062, 1747, 4,
hybridsynchaadl Drone_Double_Integrator/verification/merge-vs-nonmerge, four-revu-symmerge, 400, 23.336000s, 2176818, 2329, 5,
hybridsynchaadl Drone_Double_Integrator/verification/merge-vs-nonmerge, four-revu-sym, 100, Time-Out, 631181494, 4084191, ,
hybridsynchaadl Drone_Double_Integrator/verification/merge-vs-nonmerge, four-revu-sym, 200, Time-Out, 634909377, 4099486, ,
hybridsynchaadl Drone_Double_Integrator/verification/merge-vs-nonmerge, four-revu-sym, 300, Time-Out, 635416808, 4101646, ,
hybridsynchaadl Drone_Double_Integrator/verification/merge-vs-nonmerge, four-revu-sym, 400, Time-Out, 636885393, 4107188, ,
hybridsynchaadl Drone_Double_Integrator/verification/merge-vs-nonmerge, three-form-symmerge, 100, 1.508000s, 100716, 473, 2,
hybridsynchaadl Drone_Double_Integrator/verification/merge-vs-nonmerge, three-form-symmerge, 200, 5.144000s, 408862, 945, 3,
hybridsynchaadl Drone_Double_Integrator/verification/merge-vs-nonmerge, three-form-symmerge, 300, 12.416000s, 1044148, 1417, 4,
hybridsynchaadl Drone_Double_Integrator/verification/merge-vs-nonmerge, three-form-symmerge, 400, Time-Out, 1105295, 1433, ,
hybridsynchaadl Drone_Double_Integrator/verification/merge-vs-nonmerge, three-form-sym, 100, 632.680000s, 41214922, 173100, 11493,
hybridsynchaadl Drone_Double_Integrator/verification/merge-vs-nonmerge, three-form-sym, 200, Time-Out, 286682032, 628002, ,
hybridsynchaadl Drone_Double_Integrator/verification/merge-vs-nonmerge, three-form-sym, 300, Time-Out, 286682032, 628002, ,
hybridsynchaadl Drone_Double_Integrator/verification/merge-vs-nonmerge, three-form-sym, 400, Time-Out, 286682032, 628002, ,
hybridsynchaadl Drone_Double_Integrator/verification/merge-vs-nonmerge, three-revu-symmerge, 100, 1.080000s, 74543, 438, 2,
hybridsynchaadl Drone_Double_Integrator/verification/merge-vs-nonmerge, three-revu-symmerge, 200, 3.468000s, 301616, 875, 3,
hybridsynchaadl Drone_Double_Integrator/verification/merge-vs-nonmerge, three-revu-symmerge, 300, 7.656000s, 730748, 1312, 4,
hybridsynchaadl Drone_Double_Integrator/verification/merge-vs-nonmerge, three-revu-symmerge, 400, 14.096000s, 1361981, 1749, 5,
hybridsynchaadl Drone_Double_Integrator/verification/merge-vs-nonmerge, three-revu-sym, 100, 728.488000s, 51996418, 260113, 17577,
hybridsynchaadl Drone_Double_Integrator/verification/merge-vs-nonmerge, three-revu-sym, 200, Time-Out, 272919590, 929783, ,
hybridsynchaadl Drone_Double_Integrator/verification/merge-vs-nonmerge, three-revu-sym, 300, Time-Out, 272919590, 929783, ,
hybridsynchaadl Drone_Double_Integrator/verification/merge-vs-nonmerge, three-revu-sym, 400, Time-Out, 272919590, 929783, ,
hybridsynchaadl Drone_Double_Integrator/verification/merge-vs-nonmerge, two-form-symmerge, 100, 1.088000s, 67581, 328, 2,
hybridsynchaadl Drone_Double_Integrator/verification/merge-vs-nonmerge, two-form-symmerge, 200, 3.320000s, 250058, 655, 3,
hybridsynchaadl Drone_Double_Integrator/verification/merge-vs-nonmerge, two-form-symmerge, 300, 7.584000s, 604800, 982, 4,
hybridsynchaadl Drone_Double_Integrator/verification/merge-vs-nonmerge, two-form-symmerge, 400, Time-Out, 797561, 1143, ,
hybridsynchaadl Drone_Double_Integrator/verification/merge-vs-nonmerge, two-form-sym, 100, 21.776000s, 1730722, 9560, 443,
hybridsynchaadl Drone_Double_Integrator/verification/merge-vs-nonmerge, two-form-sym, 200, Time-Out, 109130760, 223533, ,
hybridsynchaadl Drone_Double_Integrator/verification/merge-vs-nonmerge, two-form-sym, 300, Time-Out, 109130760, 223533, ,
hybridsynchaadl Drone_Double_Integrator/verification/merge-vs-nonmerge, two-form-sym, 400, Time-Out, 109130760, 223533, ,
hybridsynchaadl Drone_Double_Integrator/verification/merge-vs-nonmerge, two-revu-symmerge, 100, 0.752000s, 49704, 293, 2,
hybridsynchaadl Drone_Double_Integrator/verification/merge-vs-nonmerge, two-revu-symmerge, 200, 2.220000s, 177804, 585, 3,
hybridsynchaadl Drone_Double_Integrator/verification/merge-vs-nonmerge, two-revu-symmerge, 300, 4.552000s, 403308, 877, 4,
hybridsynchaadl Drone_Double_Integrator/verification/merge-vs-nonmerge, two-revu-symmerge, 400, 7.924000s, 727576, 1169, 5,
hybridsynchaadl Drone_Double_Integrator/verification/merge-vs-nonmerge, two-revu-sym, 100, 20.260000s, 1641054, 9993, 677,
hybridsynchaadl Drone_Double_Integrator/verification/merge-vs-nonmerge, two-revu-sym, 200, Time-Out, 9817385, 38723, ,
hybridsynchaadl Drone_Double_Integrator/verification/merge-vs-nonmerge, two-revu-sym, 300, Time-Out, 9817385, 38723, ,
hybridsynchaadl Drone_Double_Integrator/verification/merge-vs-nonmerge, two-revu-sym, 400, Time-Out, 9817385, 38723, ,
hybridsynchaadl Drone_Single_Integrator/verification/merge-vs-nonmerge, four-form-symmerge, 100, 1.324000s, 100501, 618, 2,
hybridsynchaadl Drone_Single_Integrator/verification/merge-vs-nonmerge, four-form-symmerge, 200, 4.480000s, 440386, 1235, 3,
hybridsynchaadl Drone_Single_Integrator/verification/merge-vs-nonmerge, four-form-symmerge, 300, 11.004000s, 1148294, 1852, 4,
hybridsynchaadl Drone_Single_Integrator/verification/merge-vs-nonmerge, four-form-symmerge, 400, Time-Out, 1397692, 2029, ,
hybridsynchaadl Drone_Single_Integrator/verification/merge-vs-nonmerge, four-form-sym, 100, Time-Out, 711720735, 4561190, ,
hybridsynchaadl Drone_Single_Integrator/verification/merge-vs-nonmerge, four-form-sym, 200, Time-Out, 736155519, 4669367, ,
hybridsynchaadl Drone_Single_Integrator/verification/merge-vs-nonmerge, four-form-sym, 300, Time-Out, 754220985, 4754443, ,
hybridsynchaadl Drone_Single_Integrator/verification/merge-vs-nonmerge, four-form-sym, 400, Time-Out, 713264229, 4568185, ,
hybridsynchaadl Drone_Single_Integrator/verification/merge-vs-nonmerge, four-revu-symmerge, 100, 1.032000s, 77038, 583, 2,
hybridsynchaadl Drone_Single_Integrator/verification/merge-vs-nonmerge, four-revu-symmerge, 200, 3.336000s, 339810, 1165, 3,
hybridsynchaadl Drone_Single_Integrator/verification/merge-vs-nonmerge, four-revu-symmerge, 300, 7.552000s, 851262, 1747, 4,
hybridsynchaadl Drone_Single_Integrator/verification/merge-vs-nonmerge, four-revu-symmerge, 400, 14.236000s, 1602978, 2329, 5,
hybridsynchaadl Drone_Single_Integrator/verification/merge-vs-nonmerge, four-revu-sym, 100, Time-Out, 770025964, 5388755, ,
hybridsynchaadl Drone_Single_Integrator/verification/merge-vs-nonmerge, four-revu-sym, 200, Time-Out, 734362356, 5257492, ,
hybridsynchaadl Drone_Single_Integrator/verification/merge-vs-nonmerge, four-revu-sym, 300, Time-Out, 720349869, 5198849, ,
hybridsynchaadl Drone_Single_Integrator/verification/merge-vs-nonmerge, four-revu-sym, 400, Time-Out, 776703041, 5410586, ,
hybridsynchaadl Drone_Single_Integrator/verification/merge-vs-nonmerge, three-form-symmerge, 100, 1.052000s, 75620, 473, 2,
hybridsynchaadl Drone_Single_Integrator/verification/merge-vs-nonmerge, three-form-symmerge, 200, 3.256000s, 302864, 945, 3,
hybridsynchaadl Drone_Single_Integrator/verification/merge-vs-nonmerge, three-form-symmerge, 300, 7.236000s, 755988, 1417, 4,
hybridsynchaadl Drone_Single_Integrator/verification/merge-vs-nonmerge, three-form-symmerge, 400, 16.980000s, 1446362, 1889, 5,
hybridsynchaadl Drone_Single_Integrator/verification/merge-vs-nonmerge, three-form-sym, 100, 629.892000s, 46888686, 260148, 17577,
hybridsynchaadl Drone_Single_Integrator/verification/merge-vs-nonmerge, three-form-sym, 200, Time-Out, 747142568, 2267696, ,
hybridsynchaadl Drone_Single_Integrator/verification/merge-vs-nonmerge, three-form-sym, 300, Time-Out, 749366678, 2271059, ,
hybridsynchaadl Drone_Single_Integrator/verification/merge-vs-nonmerge, three-form-sym, 400, Time-Out, 747893067, 2268807, ,
hybridsynchaadl Drone_Single_Integrator/verification/merge-vs-nonmerge, three-revu-symmerge, 100, 0.800000s, 57785, 438, 2,
hybridsynchaadl Drone_Single_Integrator/verification/merge-vs-nonmerge, three-revu-symmerge, 200, 2.400000s, 228434, 875, 3,
hybridsynchaadl Drone_Single_Integrator/verification/merge-vs-nonmerge, three-revu-symmerge, 300, 4.896000s, 544832, 1312, 4,
hybridsynchaadl Drone_Single_Integrator/verification/merge-vs-nonmerge, three-revu-symmerge, 400, 8.916000s, 1002953, 1749, 5,
hybridsynchaadl Drone_Single_Integrator/verification/merge-vs-nonmerge, three-revu-sym, 100, 464.052000s, 38871426, 260113, 17577,
hybridsynchaadl Drone_Single_Integrator/verification/merge-vs-nonmerge, three-revu-sym, 200, Time-Out, 782822837, 3365254, ,
hybridsynchaadl Drone_Single_Integrator/verification/merge-vs-nonmerge, three-revu-sym, 300, Time-Out, 784325817, 3369167, ,
hybridsynchaadl Drone_Single_Integrator/verification/merge-vs-nonmerge, three-revu-sym, 400, Time-Out, 796122129, 3402349, ,
hybridsynchaadl Drone_Single_Integrator/verification/merge-vs-nonmerge, two-form-symmerge, 100, 0.740000s, 50739, 328, 2,
hybridsynchaadl Drone_Single_Integrator/verification/merge-vs-nonmerge, two-form-symmerge, 200, 2.100000s, 184646, 655, 3,
hybridsynchaadl Drone_Single_Integrator/verification/merge-vs-nonmerge, two-form-symmerge, 300, 4.364000s, 437182, 982, 4,
hybridsynchaadl Drone_Single_Integrator/verification/merge-vs-nonmerge, two-form-symmerge, 400, 8.120000s, 814169, 1309, 5,
hybridsynchaadl Drone_Single_Integrator/verification/merge-vs-nonmerge, two-form-sym, 100, 18.032000s, 1514558, 10028, 677,
hybridsynchaadl Drone_Single_Integrator/verification/merge-vs-nonmerge, two-form-sym, 200, Time-Out, 729538400, 2187678, ,
hybridsynchaadl Drone_Single_Integrator/verification/merge-vs-nonmerge, two-form-sym, 300, Time-Out, 779545163, 2334769, ,
hybridsynchaadl Drone_Single_Integrator/verification/merge-vs-nonmerge, two-form-sym, 400, Time-Out, 778345210, 2332394, ,
hybridsynchaadl Drone_Single_Integrator/verification/merge-vs-nonmerge, two-revu-symmerge, 100, 0.556000s, 38532, 293, 2,
hybridsynchaadl Drone_Single_Integrator/verification/merge-vs-nonmerge, two-revu-symmerge, 200, 1.504000s, 134680, 585, 3,
hybridsynchaadl Drone_Single_Integrator/verification/merge-vs-nonmerge, two-revu-symmerge, 300, 2.932000s, 300820, 877, 4,
hybridsynchaadl Drone_Single_Integrator/verification/merge-vs-nonmerge, two-revu-symmerge, 400, 4.948000s, 535792, 1169, 5,
hybridsynchaadl Drone_Single_Integrator/verification/merge-vs-nonmerge, two-revu-sym, 100, 14.152000s, 1205726, 9993, 677,
hybridsynchaadl Drone_Single_Integrator/verification/merge-vs-nonmerge, two-revu-sym, 200, 6325.644000s, 464995228, 2185825, 21003,
hybridsynchaadl Drone_Single_Integrator/verification/merge-vs-nonmerge, two-revu-sym, 300, Time-Out, 562518288, 2474244, ,
hybridsynchaadl Drone_Single_Integrator/verification/merge-vs-nonmerge, two-revu-sym, 400, Time-Out, 562518288, 2474244, ,
hybridsynchaadl Thermostat/verification/merge-vs-nonmerge, four-symmerge, 100, 0.292000s, 7756, 115, 2,
hybridsynchaadl Thermostat/verification/merge-vs-nonmerge, four-symmerge, 200, 0.768000s, 37352, 273, 3,
hybridsynchaadl Thermostat/verification/merge-vs-nonmerge, four-symmerge, 300, 1.856000s, 98818, 431, 4,
hybridsynchaadl Thermostat/verification/merge-vs-nonmerge, four-symmerge, 400, 4.960000s, 192292, 589, 5,
hybridsynchaadl Thermostat/verification/merge-vs-nonmerge, four-sym, 100, 68.648000s, 5921190, 59123, 82,
hybridsynchaadl Thermostat/verification/merge-vs-nonmerge, four-sym, 200, Time-Out, 1151889140, 4953234, ,
hybridsynchaadl Thermostat/verification/merge-vs-nonmerge, four-sym, 300, Time-Out, 1166133594, 5032359, ,
hybridsynchaadl Thermostat/verification/merge-vs-nonmerge, four-sym, 400, Time-Out, 1075620002, 4658966, ,
hybridsynchaadl Thermostat/verification/merge-vs-nonmerge, three-symmerge, 100, 0.244000s, 5794, 87, 2,
hybridsynchaadl Thermostat/verification/merge-vs-nonmerge, three-symmerge, 200, 0.560000s, 25789, 206, 3,
hybridsynchaadl Thermostat/verification/merge-vs-nonmerge, three-symmerge, 300, 1.224000s, 65107, 325, 4,
hybridsynchaadl Thermostat/verification/merge-vs-nonmerge, three-symmerge, 400, 2.656000s, 123844, 444, 5,
hybridsynchaadl Thermostat/verification/merge-vs-nonmerge, three-sym, 100, 6.080000s, 559733, 6581, 28,
hybridsynchaadl Thermostat/verification/merge-vs-nonmerge, three-sym, 200, 734.808000s, 79627547, 416184, 465,
hybridsynchaadl Thermostat/verification/merge-vs-nonmerge, three-sym, 300, Time-Out, 1000934756, 3351011, ,
hybridsynchaadl Thermostat/verification/merge-vs-nonmerge, three-sym, 400, Time-Out, 1007350461, 3370769, ,
hybridsynchaadl Thermostat/verification/merge-vs-nonmerge, two-symmerge, 100, 0.192000s, 3832, 59, 2,
hybridsynchaadl Thermostat/verification/merge-vs-nonmerge, two-symmerge, 200, 0.384000s, 15734, 139, 3,
hybridsynchaadl Thermostat/verification/merge-vs-nonmerge, two-symmerge, 300, 0.736000s, 37496, 219, 4,
hybridsynchaadl Thermostat/verification/merge-vs-nonmerge, two-symmerge, 400, 1.424000s, 69176, 299, 5,
hybridsynchaadl Thermostat/verification/merge-vs-nonmerge, two-sym, 100, 0.552000s, 51178, 731, 10,
hybridsynchaadl Thermostat/verification/merge-vs-nonmerge, two-sym, 200, 14.856000s, 1695244, 12109, 66,
hybridsynchaadl Thermostat/verification/merge-vs-nonmerge, two-sym, 300, 196.376000s, 19445070, 88716, 223,
hybridsynchaadl Thermostat/verification/merge-vs-nonmerge, two-sym, 400, 1224.556000s, 98587632, 331723, 591,
