 ModelName, PropertyName, TimeBound, Time, FormulaSize, NumOfSMTCall, NumOfStates, ,
hybridsynchaadl Drone_Double_Integrator/verification/merge-vs-nonmerge, four-form-symmerge, 100, 2.024000s, 133851, 618, 2,
hybridsynchaadl Drone_Double_Integrator/verification/merge-vs-nonmerge, four-form-symmerge, 200, 7.500000s, 592634, 1235, 3,
hybridsynchaadl Drone_Double_Integrator/verification/merge-vs-nonmerge, four-form-symmerge, 300, Time-Out, 1160944, 1717, ,
hybridsynchaadl Drone_Double_Integrator/verification/merge-vs-nonmerge, four-form-symmerge, 400, Time-Out, 1160944, 1717, ,
hybridsynchaadl Drone_Double_Integrator/verification/merge-vs-nonmerge, four-form-sym-, 100, Time-Out, 647310328, 3815142, ,
hybridsynchaadl Drone_Double_Integrator/verification/merge-vs-nonmerge, four-form-sym-, 200, Time-Out, 645236323, 3807886, ,
hybridsynchaadl Drone_Double_Integrator/verification/merge-vs-nonmerge, four-form-sym-, 300, Time-Out, 646219345, 3811385, ,
hybridsynchaadl Drone_Double_Integrator/verification/merge-vs-nonmerge, four-form-sym-, 400, Time-Out, 646530078, 3812304, ,
hybridsynchaadl Drone_Double_Integrator/verification/merge-vs-nonmerge, four-revu-symmerge, 100, 1.456000s, 99382, 583, 2,
hybridsynchaadl Drone_Double_Integrator/verification/merge-vs-nonmerge, four-revu-symmerge, 200, 5.136000s, 448714, 1165, 3,
hybridsynchaadl Drone_Double_Integrator/verification/merge-vs-nonmerge, four-revu-symmerge, 300, 12.152000s, 1142062, 1747, 4,
hybridsynchaadl Drone_Double_Integrator/verification/merge-vs-nonmerge, four-revu-symmerge, 400, 23.740000s, 2176818, 2329, 5,
hybridsynchaadl Drone_Double_Integrator/verification/merge-vs-nonmerge, four-revu-sym, 100, Time-Out, 628905316, 4072347, ,
hybridsynchaadl Drone_Double_Integrator/verification/merge-vs-nonmerge, four-revu-sym, 200, Time-Out, 628847206, 4072129, ,
hybridsynchaadl Drone_Double_Integrator/verification/merge-vs-nonmerge, four-revu-sym, 300, Time-Out, 628194455, 4070362, ,
hybridsynchaadl Drone_Double_Integrator/verification/merge-vs-nonmerge, four-revu-sym, 400, Time-Out, 625299548, 4052751, ,
hybridsynchaadl Drone_Double_Integrator/verification/merge-vs-nonmerge, three-form-symmerge, 100, 1.504000s, 100716, 473, 2,
hybridsynchaadl Drone_Double_Integrator/verification/merge-vs-nonmerge, three-form-symmerge, 200, 5.080000s, 408862, 945, 3,
hybridsynchaadl Drone_Double_Integrator/verification/merge-vs-nonmerge, three-form-symmerge, 300, 12.248000s, 1044148, 1417, 4,
hybridsynchaadl Drone_Double_Integrator/verification/merge-vs-nonmerge, three-form-symmerge, 400, Time-Out, 1105295, 1433, ,
hybridsynchaadl Drone_Double_Integrator/verification/merge-vs-nonmerge, three-form-sym, 100, 618.944000s, 41214922, 173100, 11493,
hybridsynchaadl Drone_Double_Integrator/verification/merge-vs-nonmerge, three-form-sym, 200, Time-Out, 286682032, 628002, ,
hybridsynchaadl Drone_Double_Integrator/verification/merge-vs-nonmerge, three-form-sym, 300, Time-Out, 286682032, 628002, ,
hybridsynchaadl Drone_Double_Integrator/verification/merge-vs-nonmerge, three-form-sym, 400, Time-Out, 286682032, 628002, ,
hybridsynchaadl Drone_Double_Integrator/verification/merge-vs-nonmerge, three-revu-symmerge, 100, 1.084000s, 74543, 438, 2,
hybridsynchaadl Drone_Double_Integrator/verification/merge-vs-nonmerge, three-revu-symmerge, 200, 3.456000s, 301616, 875, 3,
hybridsynchaadl Drone_Double_Integrator/verification/merge-vs-nonmerge, three-revu-symmerge, 300, 7.564000s, 730748, 1312, 4,
hybridsynchaadl Drone_Double_Integrator/verification/merge-vs-nonmerge, three-revu-symmerge, 400, 13.904000s, 1361981, 1749, 5,
hybridsynchaadl Drone_Double_Integrator/verification/merge-vs-nonmerge, three-revu-sym, 100, 712.808000s, 51996418, 260113, 17577,
hybridsynchaadl Drone_Double_Integrator/verification/merge-vs-nonmerge, three-revu-sym, 200, Time-Out, 272919590, 929783, ,
hybridsynchaadl Drone_Double_Integrator/verification/merge-vs-nonmerge, three-revu-sym, 300, Time-Out, 272919590, 929783, ,
hybridsynchaadl Drone_Double_Integrator/verification/merge-vs-nonmerge, three-revu-sym, 400, Time-Out, 272919590, 929783, ,
hybridsynchaadl Drone_Double_Integrator/verification/merge-vs-nonmerge, two-form-symmerge, 100, 1.056000s, 67581, 328, 2,
hybridsynchaadl Drone_Double_Integrator/verification/merge-vs-nonmerge, two-form-symmerge, 200, 3.472000s, 250058, 655, 3,
hybridsynchaadl Drone_Double_Integrator/verification/merge-vs-nonmerge, two-form-symmerge, 300, 7.312000s, 604800, 982, 4,
hybridsynchaadl Drone_Double_Integrator/verification/merge-vs-nonmerge, two-form-symmerge, 400, Time-Out, 797561, 1143, ,
hybridsynchaadl Drone_Double_Integrator/verification/merge-vs-nonmerge, two-form-sym, 100, 21.716000s, 1730722, 9560, 443,
hybridsynchaadl Drone_Double_Integrator/verification/merge-vs-nonmerge, two-form-sym, 200, Time-Out, 109130760, 223533, ,
hybridsynchaadl Drone_Double_Integrator/verification/merge-vs-nonmerge, two-form-sym, 300, Time-Out, 109130760, 223533, ,
hybridsynchaadl Drone_Double_Integrator/verification/merge-vs-nonmerge, two-form-sym, 400, Time-Out, 109130760, 223533, ,
hybridsynchaadl Drone_Double_Integrator/verification/merge-vs-nonmerge, two-revu-symmerge, 100, 0.800000s, 49704, 293, 2,
hybridsynchaadl Drone_Double_Integrator/verification/merge-vs-nonmerge, two-revu-symmerge, 200, 2.172000s, 177804, 585, 3,
hybridsynchaadl Drone_Double_Integrator/verification/merge-vs-nonmerge, two-revu-symmerge, 300, 4.440000s, 403308, 877, 4,
hybridsynchaadl Drone_Double_Integrator/verification/merge-vs-nonmerge, two-revu-symmerge, 400, 7.676000s, 727576, 1169, 5,
hybridsynchaadl Drone_Double_Integrator/verification/merge-vs-nonmerge, two-revu-sym, 100, 20.472000s, 1641054, 9993, 677,
hybridsynchaadl Drone_Double_Integrator/verification/merge-vs-nonmerge, two-revu-sym, 200, Time-Out, 9817385, 38723, ,
hybridsynchaadl Drone_Double_Integrator/verification/merge-vs-nonmerge, two-revu-sym, 300, Time-Out, 9817385, 38723, ,
hybridsynchaadl Drone_Double_Integrator/verification/merge-vs-nonmerge, two-revu-sym, 400, Time-Out, 9817385, 38723, ,
hybridsynchaadl Drone_Single_Integrator/verification/merge-vs-nonmerge, four-form-symmerge, 100, 1.296000s, 100501, 618, 2,
hybridsynchaadl Drone_Single_Integrator/verification/merge-vs-nonmerge, four-form-symmerge, 200, 4.668000s, 440386, 1235, 3,
hybridsynchaadl Drone_Single_Integrator/verification/merge-vs-nonmerge, four-form-symmerge, 300, 11.020000s, 1148294, 1852, 4,
hybridsynchaadl Drone_Single_Integrator/verification/merge-vs-nonmerge, four-form-symmerge, 400, Time-Out, 1397692, 2029, ,
hybridsynchaadl Drone_Single_Integrator/verification/merge-vs-nonmerge, four-form-sym, 100, Time-Out, 746447666, 4726155, ,
hybridsynchaadl Drone_Single_Integrator/verification/merge-vs-nonmerge, four-form-sym, 200, Time-Out, 746447666, 4726155, ,
hybridsynchaadl Drone_Single_Integrator/verification/merge-vs-nonmerge, four-form-sym, 300, Time-Out, 716636298, 4585029, ,
hybridsynchaadl Drone_Single_Integrator/verification/merge-vs-nonmerge, four-form-sym, 400, Time-Out, 727586487, 4632544, ,
hybridsynchaadl Drone_Single_Integrator/verification/merge-vs-nonmerge, four-revu-symmerge, 100, 1.060000s, 77038, 583, 2,
hybridsynchaadl Drone_Single_Integrator/verification/merge-vs-nonmerge, four-revu-symmerge, 200, 3.408000s, 339810, 1165, 3,
hybridsynchaadl Drone_Single_Integrator/verification/merge-vs-nonmerge, four-revu-symmerge, 300, 7.700000s, 851262, 1747, 4,
hybridsynchaadl Drone_Single_Integrator/verification/merge-vs-nonmerge, four-revu-symmerge, 400, 13.956000s, 1602978, 2329, 5,
hybridsynchaadl Drone_Single_Integrator/verification/merge-vs-nonmerge, four-revu-sym, 100, Time-Out, 779777480, 5421903, ,
hybridsynchaadl Drone_Single_Integrator/verification/merge-vs-nonmerge, four-revu-sym, 200, Time-Out, 744523214, 5312230, ,
hybridsynchaadl Drone_Single_Integrator/verification/merge-vs-nonmerge, four-revu-sym, 300, Time-Out, 766500681, 5378144, ,
hybridsynchaadl Drone_Single_Integrator/verification/merge-vs-nonmerge, four-revu-sym, 400, Time-Out, 717488460, 5181292, ,
hybridsynchaadl Drone_Single_Integrator/verification/merge-vs-nonmerge, three-form-symmerge, 100, 1.060000s, 75620, 473, 2,
hybridsynchaadl Drone_Single_Integrator/verification/merge-vs-nonmerge, three-form-symmerge, 200, 3.300000s, 302864, 945, 3,
hybridsynchaadl Drone_Single_Integrator/verification/merge-vs-nonmerge, three-form-symmerge, 300, 7.040000s, 755988, 1417, 4,
hybridsynchaadl Drone_Single_Integrator/verification/merge-vs-nonmerge, three-form-symmerge, 400, 16.152000s, 1446362, 1889, 5,
hybridsynchaadl Drone_Single_Integrator/verification/merge-vs-nonmerge, three-form-sym, 100, 630.712000s, 46888686, 260148, 17577,
hybridsynchaadl Drone_Single_Integrator/verification/merge-vs-nonmerge, three-form-sym, 200, Time-Out, 678210448, 2058124, ,
hybridsynchaadl Drone_Single_Integrator/verification/merge-vs-nonmerge, three-form-sym, 300, Time-Out, 680513334, 2061430, ,
hybridsynchaadl Drone_Single_Integrator/verification/merge-vs-nonmerge, three-form-sym, 400, Time-Out, 754335702, 2278803, ,
hybridsynchaadl Drone_Single_Integrator/verification/merge-vs-nonmerge, three-revu-symmerge, 100, 0.812000s, 57785, 438, 2,
hybridsynchaadl Drone_Single_Integrator/verification/merge-vs-nonmerge, three-revu-symmerge, 200, 2.268000s, 228434, 875, 3,
hybridsynchaadl Drone_Single_Integrator/verification/merge-vs-nonmerge, three-revu-symmerge, 300, 4.796000s, 544832, 1312, 4,
hybridsynchaadl Drone_Single_Integrator/verification/merge-vs-nonmerge, three-revu-symmerge, 400, 9.028000s, 1002953, 1749, 5,
hybridsynchaadl Drone_Single_Integrator/verification/merge-vs-nonmerge, three-revu-sym, 100, 468.032000s, 38871426, 260113, 17577,
hybridsynchaadl Drone_Single_Integrator/verification/merge-vs-nonmerge, three-revu-sym, 200, Time-Out, 837697297, 3563143, ,
hybridsynchaadl Drone_Single_Integrator/verification/merge-vs-nonmerge, three-revu-sym, 300, Time-Out, 854683133, 3605980, ,
hybridsynchaadl Drone_Single_Integrator/verification/merge-vs-nonmerge, three-revu-sym, 400, Time-Out, 777271411, 3344006, ,
hybridsynchaadl Drone_Single_Integrator/verification/merge-vs-nonmerge, two-form-symmerge, 100, 0.748000s, 50739, 328, 2,
hybridsynchaadl Drone_Single_Integrator/verification/merge-vs-nonmerge, two-form-symmerge, 200, 2.024000s, 184646, 655, 3,
hybridsynchaadl Drone_Single_Integrator/verification/merge-vs-nonmerge, two-form-symmerge, 300, 4.256000s, 437182, 982, 4,
hybridsynchaadl Drone_Single_Integrator/verification/merge-vs-nonmerge, two-form-symmerge, 400, 7.924000s, 814169, 1309, 5,
hybridsynchaadl Drone_Single_Integrator/verification/merge-vs-nonmerge, two-form-sym, 100, 17.620000s, 1514558, 10028, 677,
hybridsynchaadl Drone_Single_Integrator/verification/merge-vs-nonmerge, two-form-sym, 200, Time-Out, 779545163, 2334769, ,
hybridsynchaadl Drone_Single_Integrator/verification/merge-vs-nonmerge, two-form-sym, 300, Time-Out, 749260832, 2245576, ,
hybridsynchaadl Drone_Single_Integrator/verification/merge-vs-nonmerge, two-form-sym, 400, Time-Out, 777923553, 2330987, ,
hybridsynchaadl Drone_Single_Integrator/verification/merge-vs-nonmerge, two-revu-symmerge, 100, 0.560000s, 38532, 293, 2,
hybridsynchaadl Drone_Single_Integrator/verification/merge-vs-nonmerge, two-revu-symmerge, 200, 1.508000s, 134680, 585, 3,
hybridsynchaadl Drone_Single_Integrator/verification/merge-vs-nonmerge, two-revu-symmerge, 300, 2.952000s, 300820, 877, 4,
hybridsynchaadl Drone_Single_Integrator/verification/merge-vs-nonmerge, two-revu-symmerge, 400, 4.728000s, 535792, 1169, 5,
hybridsynchaadl Drone_Single_Integrator/verification/merge-vs-nonmerge, two-revu-sym, 100, 14.172000s, 1205726, 9993, 677,
hybridsynchaadl Drone_Single_Integrator/verification/merge-vs-nonmerge, two-revu-sym, 200, 5811.280000s, 464995228, 2185825, 21003,
hybridsynchaadl Drone_Single_Integrator/verification/merge-vs-nonmerge, two-revu-sym, 300, Time-Out, 562518288, 2474244, ,
hybridsynchaadl Drone_Single_Integrator/verification/merge-vs-nonmerge, two-revu-sym, 400, Time-Out, 562518288, 2474244, ,
hybridsynchaadl Thermostat/verification/merge-vs-nonmerge, four-symmerge, 100, 0.292000s, 7756, 115, 2,
hybridsynchaadl Thermostat/verification/merge-vs-nonmerge, four-symmerge, 200, 0.740000s, 37352, 273, 3,
hybridsynchaadl Thermostat/verification/merge-vs-nonmerge, four-symmerge, 300, 1.808000s, 98818, 431, 4,
hybridsynchaadl Thermostat/verification/merge-vs-nonmerge, four-symmerge, 400, 4.920000s, 192292, 589, 5,
hybridsynchaadl Thermostat/verification/merge-vs-nonmerge, four-sym, 100, 70.216000s, 5921190, 59123, 82,
hybridsynchaadl Thermostat/verification/merge-vs-nonmerge, four-sym, 200, Time-Out, 1152779796, 4961417, ,
hybridsynchaadl Thermostat/verification/merge-vs-nonmerge, four-sym, 300, Time-Out, 1109767568, 4778272, ,
hybridsynchaadl Thermostat/verification/merge-vs-nonmerge, four-sym, 400, Time-Out, 1111252018, 4791209, ,
hybridsynchaadl Thermostat/verification/merge-vs-nonmerge, three-symmerge, 100, 0.228000s, 5794, 87, 2,
hybridsynchaadl Thermostat/verification/merge-vs-nonmerge, three-symmerge, 200, 0.548000s, 25789, 206, 3,
hybridsynchaadl Thermostat/verification/merge-vs-nonmerge, three-symmerge, 300, 1.184000s, 65107, 325, 4,
hybridsynchaadl Thermostat/verification/merge-vs-nonmerge, three-symmerge, 400, 2.628000s, 123844, 444, 5,
hybridsynchaadl Thermostat/verification/merge-vs-nonmerge, three-sym, 100, 5.956000s, 559733, 6581, 28,
hybridsynchaadl Thermostat/verification/merge-vs-nonmerge, three-sym, 200, 699.488000s, 79627547, 416184, 465,
hybridsynchaadl Thermostat/verification/merge-vs-nonmerge, three-sym, 300, Time-Out, 1007350461, 3370769, ,
hybridsynchaadl Thermostat/verification/merge-vs-nonmerge, three-sym, 400, Time-Out, 971751798, 3260566, ,
hybridsynchaadl Thermostat/verification/merge-vs-nonmerge, two-symmerge, 100, 0.188000s, 3832, 59, 2,
hybridsynchaadl Thermostat/verification/merge-vs-nonmerge, two-symmerge, 200, 0.388000s, 15734, 139, 3,
hybridsynchaadl Thermostat/verification/merge-vs-nonmerge, two-symmerge, 300, 0.736000s, 37496, 219, 4,
hybridsynchaadl Thermostat/verification/merge-vs-nonmerge, two-symmerge, 400, 1.392000s, 69176, 299, 5,
hybridsynchaadl Thermostat/verification/merge-vs-nonmerge, two-sym, 100, 0.528000s, 51178, 731, 10,
hybridsynchaadl Thermostat/verification/merge-vs-nonmerge, two-sym, 200, 15.080000s, 1695244, 12109, 66,
hybridsynchaadl Thermostat/verification/merge-vs-nonmerge, two-sym, 300, 203.288000s, 19445070, 88716, 223,
hybridsynchaadl Thermostat/verification/merge-vs-nonmerge, two-sym, 400, 1132.680000s, 98587632, 331723, 591,
