 ModelName, PropertyName, TimeBound, Time, FormulaSize, NumOfSMTCall, NumOfStates, ,
hybridsynchaadl Drone_Double_Integrator/verification/merge-vs-nonmerge, four-form-symmerge, 100, 1.952000s, 133851, 618, 2,
hybridsynchaadl Drone_Double_Integrator/verification/merge-vs-nonmerge, four-form-symmerge, 200, 7.112000s, 592634, 1235, 3,
hybridsynchaadl Drone_Double_Integrator/verification/merge-vs-nonmerge, four-form-symmerge, 300, Time-Out, 1160944, 1717, ,
hybridsynchaadl Drone_Double_Integrator/verification/merge-vs-nonmerge, four-form-symmerge, 400, Time-Out, 1160944, 1717, ,
hybridsynchaadl Drone_Double_Integrator/verification/merge-vs-nonmerge, four-form-sym-, 100, Time-Out, 670266314, 3904570, ,
hybridsynchaadl Drone_Double_Integrator/verification/merge-vs-nonmerge, four-form-sym-, 200, Time-Out, 674364099, 3919362, ,
hybridsynchaadl Drone_Double_Integrator/verification/merge-vs-nonmerge, four-form-sym-, 300, Time-Out, 669797276, 3903059, ,
hybridsynchaadl Drone_Double_Integrator/verification/merge-vs-nonmerge, four-form-sym-, 400, Time-Out, 670730664, 3905986, ,
hybridsynchaadl Drone_Double_Integrator/verification/merge-vs-nonmerge, four-revu-symmerge, 100, 1.412000s, 99382, 583, 2,
hybridsynchaadl Drone_Double_Integrator/verification/merge-vs-nonmerge, four-revu-symmerge, 200, 4.896000s, 448714, 1165, 3,
hybridsynchaadl Drone_Double_Integrator/verification/merge-vs-nonmerge, four-revu-symmerge, 300, 11.532000s, 1142062, 1747, 4,
hybridsynchaadl Drone_Double_Integrator/verification/merge-vs-nonmerge, four-revu-symmerge, 400, 22.624000s, 2176818, 2329, 5,
hybridsynchaadl Drone_Double_Integrator/verification/merge-vs-nonmerge, four-revu-sym, 100, Time-Out, 647822606, 4160637, ,
hybridsynchaadl Drone_Double_Integrator/verification/merge-vs-nonmerge, four-revu-sym, 200, Time-Out, 656287608, 4207430, ,
hybridsynchaadl Drone_Double_Integrator/verification/merge-vs-nonmerge, four-revu-sym, 300, Time-Out, 652701130, 4188072, ,
hybridsynchaadl Drone_Double_Integrator/verification/merge-vs-nonmerge, four-revu-sym, 400, Time-Out, 655368472, 4204955, ,
hybridsynchaadl Drone_Double_Integrator/verification/merge-vs-nonmerge, three-form-symmerge, 100, 1.540000s, 100716, 473, 2,
hybridsynchaadl Drone_Double_Integrator/verification/merge-vs-nonmerge, three-form-symmerge, 200, 5.364000s, 408862, 945, 3,
hybridsynchaadl Drone_Double_Integrator/verification/merge-vs-nonmerge, three-form-symmerge, 300, 12.788000s, 1044148, 1417, 4,
hybridsynchaadl Drone_Double_Integrator/verification/merge-vs-nonmerge, three-form-symmerge, 400, Time-Out, 1105295, 1433, ,
hybridsynchaadl Drone_Double_Integrator/verification/merge-vs-nonmerge, three-form-sym, 100, 647.804000s, 41214922, 173100, 11493,
hybridsynchaadl Drone_Double_Integrator/verification/merge-vs-nonmerge, three-form-sym, 200, Time-Out, 286682032, 628002, ,
hybridsynchaadl Drone_Double_Integrator/verification/merge-vs-nonmerge, three-form-sym, 300, Time-Out, 286682032, 628002, ,
hybridsynchaadl Drone_Double_Integrator/verification/merge-vs-nonmerge, three-form-sym, 400, Time-Out, 286682032, 628002, ,
hybridsynchaadl Drone_Double_Integrator/verification/merge-vs-nonmerge, three-revu-symmerge, 100, 1.088000s, 74543, 438, 2,
hybridsynchaadl Drone_Double_Integrator/verification/merge-vs-nonmerge, three-revu-symmerge, 200, 3.580000s, 301616, 875, 3,
hybridsynchaadl Drone_Double_Integrator/verification/merge-vs-nonmerge, three-revu-symmerge, 300, 7.908000s, 730748, 1312, 4,
hybridsynchaadl Drone_Double_Integrator/verification/merge-vs-nonmerge, three-revu-symmerge, 400, 14.544000s, 1361981, 1749, 5,
hybridsynchaadl Drone_Double_Integrator/verification/merge-vs-nonmerge, three-revu-sym, 100, 745.240000s, 51996418, 260113, 17577,
hybridsynchaadl Drone_Double_Integrator/verification/merge-vs-nonmerge, three-revu-sym, 200, Time-Out, 272919590, 929783, ,
hybridsynchaadl Drone_Double_Integrator/verification/merge-vs-nonmerge, three-revu-sym, 300, Time-Out, 272919590, 929783, ,
hybridsynchaadl Drone_Double_Integrator/verification/merge-vs-nonmerge, three-revu-sym, 400, Time-Out, 272919590, 929783, ,
hybridsynchaadl Drone_Double_Integrator/verification/merge-vs-nonmerge, two-form-symmerge, 100, 1.104000s, 67581, 328, 2,
hybridsynchaadl Drone_Double_Integrator/verification/merge-vs-nonmerge, two-form-symmerge, 200, 3.424000s, 250058, 655, 3,
hybridsynchaadl Drone_Double_Integrator/verification/merge-vs-nonmerge, two-form-symmerge, 300, 7.396000s, 604800, 982, 4,
hybridsynchaadl Drone_Double_Integrator/verification/merge-vs-nonmerge, two-form-symmerge, 400, Time-Out, 797561, 1143, ,
hybridsynchaadl Drone_Double_Integrator/verification/merge-vs-nonmerge, two-form-sym, 100, 22.784000s, 1730722, 9560, 443,
hybridsynchaadl Drone_Double_Integrator/verification/merge-vs-nonmerge, two-form-sym, 200, Time-Out, 109130760, 223533, ,
hybridsynchaadl Drone_Double_Integrator/verification/merge-vs-nonmerge, two-form-sym, 300, Time-Out, 109130760, 223533, ,
hybridsynchaadl Drone_Double_Integrator/verification/merge-vs-nonmerge, two-form-sym, 400, Time-Out, 109130760, 223533, ,
hybridsynchaadl Drone_Double_Integrator/verification/merge-vs-nonmerge, two-revu-symmerge, 100, 0.744000s, 49704, 293, 2,
hybridsynchaadl Drone_Double_Integrator/verification/merge-vs-nonmerge, two-revu-symmerge, 200, 2.204000s, 177804, 585, 3,
hybridsynchaadl Drone_Double_Integrator/verification/merge-vs-nonmerge, two-revu-symmerge, 300, 4.568000s, 403308, 877, 4,
hybridsynchaadl Drone_Double_Integrator/verification/merge-vs-nonmerge, two-revu-symmerge, 400, 8.080000s, 727576, 1169, 5,
hybridsynchaadl Drone_Double_Integrator/verification/merge-vs-nonmerge, two-revu-sym, 100, 20.164000s, 1641054, 9993, 677,
hybridsynchaadl Drone_Double_Integrator/verification/merge-vs-nonmerge, two-revu-sym, 200, Time-Out, 9817385, 38723, ,
hybridsynchaadl Drone_Double_Integrator/verification/merge-vs-nonmerge, two-revu-sym, 300, Time-Out, 9817385, 38723, ,
hybridsynchaadl Drone_Double_Integrator/verification/merge-vs-nonmerge, two-revu-sym, 400, Time-Out, 9817385, 38723, ,
hybridsynchaadl Drone_Single_Integrator/verification/merge-vs-nonmerge, four-form-symmerge, 100, 1.352000s, 100501, 618, 2,
hybridsynchaadl Drone_Single_Integrator/verification/merge-vs-nonmerge, four-form-symmerge, 200, 4.552000s, 440386, 1235, 3,
hybridsynchaadl Drone_Single_Integrator/verification/merge-vs-nonmerge, four-form-symmerge, 300, 10.680000s, 1148294, 1852, 4,
hybridsynchaadl Drone_Single_Integrator/verification/merge-vs-nonmerge, four-form-symmerge, 400, Time-Out, 1397692, 2029, ,
hybridsynchaadl Drone_Single_Integrator/verification/merge-vs-nonmerge, four-form-sym, 100, Time-Out, 733070533, 4655855, ,
hybridsynchaadl Drone_Single_Integrator/verification/merge-vs-nonmerge, four-form-sym, 200, Time-Out, 736670827, 4672234, ,
hybridsynchaadl Drone_Single_Integrator/verification/merge-vs-nonmerge, four-form-sym, 300, Time-Out, 734516595, 4660999, ,
hybridsynchaadl Drone_Single_Integrator/verification/merge-vs-nonmerge, four-form-sym, 400, Time-Out, 743303091, 4707888, ,
hybridsynchaadl Drone_Single_Integrator/verification/merge-vs-nonmerge, four-revu-symmerge, 100, 1.004000s, 77038, 583, 2,
hybridsynchaadl Drone_Single_Integrator/verification/merge-vs-nonmerge, four-revu-symmerge, 200, 3.364000s, 339810, 1165, 3,
hybridsynchaadl Drone_Single_Integrator/verification/merge-vs-nonmerge, four-revu-symmerge, 300, 7.268000s, 851262, 1747, 4,
hybridsynchaadl Drone_Single_Integrator/verification/merge-vs-nonmerge, four-revu-symmerge, 400, 13.812000s, 1602978, 2329, 5,
hybridsynchaadl Drone_Single_Integrator/verification/merge-vs-nonmerge, four-revu-sym, 100, Time-Out, 771570975, 5393508, ,
hybridsynchaadl Drone_Single_Integrator/verification/merge-vs-nonmerge, four-revu-sym, 200, Time-Out, 771951253, 5394710, ,
hybridsynchaadl Drone_Single_Integrator/verification/merge-vs-nonmerge, four-revu-sym, 300, Time-Out, 775272284, 5405648, ,
hybridsynchaadl Drone_Single_Integrator/verification/merge-vs-nonmerge, four-revu-sym, 400, Time-Out, 719226897, 5190455, ,
hybridsynchaadl Drone_Single_Integrator/verification/merge-vs-nonmerge, three-form-symmerge, 100, 1.012000s, 75620, 473, 2,
hybridsynchaadl Drone_Single_Integrator/verification/merge-vs-nonmerge, three-form-symmerge, 200, 3.104000s, 302864, 945, 3,
hybridsynchaadl Drone_Single_Integrator/verification/merge-vs-nonmerge, three-form-symmerge, 300, 7.160000s, 755988, 1417, 4,
hybridsynchaadl Drone_Single_Integrator/verification/merge-vs-nonmerge, three-form-symmerge, 400, 16.936000s, 1446362, 1889, 5,
hybridsynchaadl Drone_Single_Integrator/verification/merge-vs-nonmerge, three-form-sym, 100, 595.084000s, 46888686, 260148, 17577,
hybridsynchaadl Drone_Single_Integrator/verification/merge-vs-nonmerge, three-form-sym, 200, Time-Out, 715999377, 2202430, ,
hybridsynchaadl Drone_Single_Integrator/verification/merge-vs-nonmerge, three-form-sym, 300, Time-Out, 750947613, 2273729, ,
hybridsynchaadl Drone_Single_Integrator/verification/merge-vs-nonmerge, three-form-sym, 400, Time-Out, 747142568, 2267696, ,
hybridsynchaadl Drone_Single_Integrator/verification/merge-vs-nonmerge, three-revu-symmerge, 100, 0.820000s, 57785, 438, 2,
hybridsynchaadl Drone_Single_Integrator/verification/merge-vs-nonmerge, three-revu-symmerge, 200, 2.376000s, 228434, 875, 3,
hybridsynchaadl Drone_Single_Integrator/verification/merge-vs-nonmerge, three-revu-symmerge, 300, 5.044000s, 544832, 1312, 4,
hybridsynchaadl Drone_Single_Integrator/verification/merge-vs-nonmerge, three-revu-symmerge, 400, 9.036000s, 1002953, 1749, 5,
hybridsynchaadl Drone_Single_Integrator/verification/merge-vs-nonmerge, three-revu-sym, 100, 454.352000s, 38871426, 260113, 17577,
hybridsynchaadl Drone_Single_Integrator/verification/merge-vs-nonmerge, three-revu-sym, 200, Time-Out, 773757542, 3328416, ,
hybridsynchaadl Drone_Single_Integrator/verification/merge-vs-nonmerge, three-revu-sym, 300, Time-Out, 809041535, 3426431, ,
hybridsynchaadl Drone_Single_Integrator/verification/merge-vs-nonmerge, three-revu-sym, 400, Time-Out, 767002756, 3291538, ,
hybridsynchaadl Drone_Single_Integrator/verification/merge-vs-nonmerge, two-form-symmerge, 100, 0.756000s, 50739, 328, 2,
hybridsynchaadl Drone_Single_Integrator/verification/merge-vs-nonmerge, two-form-symmerge, 200, 2.120000s, 184646, 655, 3,
hybridsynchaadl Drone_Single_Integrator/verification/merge-vs-nonmerge, two-form-symmerge, 300, 4.492000s, 437182, 982, 4,
hybridsynchaadl Drone_Single_Integrator/verification/merge-vs-nonmerge, two-form-symmerge, 400, 8.368000s, 814169, 1309, 5,
hybridsynchaadl Drone_Single_Integrator/verification/merge-vs-nonmerge, two-form-sym, 100, 18.456000s, 1514558, 10028, 677,
hybridsynchaadl Drone_Single_Integrator/verification/merge-vs-nonmerge, two-form-sym, 200, Time-Out, 713846930, 2139683, ,
hybridsynchaadl Drone_Single_Integrator/verification/merge-vs-nonmerge, two-form-sym, 300, Time-Out, 789287236, 2363031, ,
hybridsynchaadl Drone_Single_Integrator/verification/merge-vs-nonmerge, two-form-sym, 400, Time-Out, 708586230, 2125764, ,
hybridsynchaadl Drone_Single_Integrator/verification/merge-vs-nonmerge, two-revu-symmerge, 100, 0.572000s, 38532, 293, 2,
hybridsynchaadl Drone_Single_Integrator/verification/merge-vs-nonmerge, two-revu-symmerge, 200, 1.524000s, 134680, 585, 3,
hybridsynchaadl Drone_Single_Integrator/verification/merge-vs-nonmerge, two-revu-symmerge, 300, 2.868000s, 300820, 877, 4,
hybridsynchaadl Drone_Single_Integrator/verification/merge-vs-nonmerge, two-revu-symmerge, 400, 4.976000s, 535792, 1169, 5,
hybridsynchaadl Drone_Single_Integrator/verification/merge-vs-nonmerge, two-revu-sym, 100, 14.140000s, 1205726, 9993, 677,
hybridsynchaadl Drone_Single_Integrator/verification/merge-vs-nonmerge, two-revu-sym, 200, 6157.256000s, 464995228, 2185825, 21003,
hybridsynchaadl Drone_Single_Integrator/verification/merge-vs-nonmerge, two-revu-sym, 300, Time-Out, 562518288, 2474244, ,
hybridsynchaadl Drone_Single_Integrator/verification/merge-vs-nonmerge, two-revu-sym, 400, Time-Out, 562518288, 2474244, ,
hybridsynchaadl Thermostat/verification/merge-vs-nonmerge, four-symmerge, 100, 0.300000s, 7756, 115, 2,
hybridsynchaadl Thermostat/verification/merge-vs-nonmerge, four-symmerge, 200, 0.772000s, 37352, 273, 3,
hybridsynchaadl Thermostat/verification/merge-vs-nonmerge, four-symmerge, 300, 1.916000s, 98818, 431, 4,
hybridsynchaadl Thermostat/verification/merge-vs-nonmerge, four-symmerge, 400, 4.924000s, 192292, 589, 5,
hybridsynchaadl Thermostat/verification/merge-vs-nonmerge, four-sym, 100, 70.300000s, 5921190, 59123, 82,
hybridsynchaadl Thermostat/verification/merge-vs-nonmerge, four-sym, 200, Time-Out, 1161927893, 5017125, ,
hybridsynchaadl Thermostat/verification/merge-vs-nonmerge, four-sym, 300, Time-Out, 1113696378, 4816245, ,
hybridsynchaadl Thermostat/verification/merge-vs-nonmerge, four-sym, 400, Time-Out, 1049577860, 4528508, ,
hybridsynchaadl Thermostat/verification/merge-vs-nonmerge, three-symmerge, 100, 0.248000s, 5794, 87, 2,
hybridsynchaadl Thermostat/verification/merge-vs-nonmerge, three-symmerge, 200, 0.576000s, 25789, 206, 3,
hybridsynchaadl Thermostat/verification/merge-vs-nonmerge, three-symmerge, 300, 1.188000s, 65107, 325, 4,
hybridsynchaadl Thermostat/verification/merge-vs-nonmerge, three-symmerge, 400, 2.736000s, 123844, 444, 5,
hybridsynchaadl Thermostat/verification/merge-vs-nonmerge, three-sym, 100, 6.252000s, 559733, 6581, 28,
hybridsynchaadl Thermostat/verification/merge-vs-nonmerge, three-sym, 200, 695.916000s, 79627547, 416184, 465,
hybridsynchaadl Thermostat/verification/merge-vs-nonmerge, three-sym, 300, Time-Out, 1013831251, 3390661, ,
hybridsynchaadl Thermostat/verification/merge-vs-nonmerge, three-sym, 400, Time-Out, 1015251897, 3394979, ,
hybridsynchaadl Thermostat/verification/merge-vs-nonmerge, two-symmerge, 100, 0.200000s, 3832, 59, 2,
hybridsynchaadl Thermostat/verification/merge-vs-nonmerge, two-symmerge, 200, 0.372000s, 15734, 139, 3,
hybridsynchaadl Thermostat/verification/merge-vs-nonmerge, two-symmerge, 300, 0.744000s, 37496, 219, 4,
hybridsynchaadl Thermostat/verification/merge-vs-nonmerge, two-symmerge, 400, 1.376000s, 69176, 299, 5,
hybridsynchaadl Thermostat/verification/merge-vs-nonmerge, two-sym, 100, 0.552000s, 51178, 731, 10,
hybridsynchaadl Thermostat/verification/merge-vs-nonmerge, two-sym, 200, 15.784000s, 1695244, 12109, 66,
hybridsynchaadl Thermostat/verification/merge-vs-nonmerge, two-sym, 300, 205.524000s, 19445070, 88716, 223,
hybridsynchaadl Thermostat/verification/merge-vs-nonmerge, two-sym, 400, 1130.432000s, 98587632, 331723, 591,
