 ModelName, PropertyName, TimeBound, Time, ,
hybridsynchaadl Drone_Double_Integrator/verification/symbolic-reachability, four-form, 100, 2.464000s,
hybridsynchaadl Drone_Double_Integrator/verification/symbolic-reachability, four-form, 200, 7.620000s,
hybridsynchaadl Drone_Double_Integrator/verification/symbolic-reachability, four-form, 300, Time-Out,
hybridsynchaadl Drone_Double_Integrator/verification/symbolic-reachability, four-form, 400, Time-Out,
hybridsynchaadl Drone_Double_Integrator/verification/symbolic-reachability, four-form, 500, Time-Out,
hybridsynchaadl Drone_Double_Integrator/verification/symbolic-reachability, four-revu, 100, 1.708000s,
hybridsynchaadl Drone_Double_Integrator/verification/symbolic-reachability, four-revu, 200, 5.500000s,
hybridsynchaadl Drone_Double_Integrator/verification/symbolic-reachability, four-revu, 300, Time-Out,
hybridsynchaadl Drone_Double_Integrator/verification/symbolic-reachability, four-revu, 400, Time-Out,
hybridsynchaadl Drone_Double_Integrator/verification/symbolic-reachability, four-revu, 500, Time-Out,
hybridsynchaadl Drone_Double_Integrator/verification/symbolic-reachability, three-form, 100, 1.864000s,
hybridsynchaadl Drone_Double_Integrator/verification/symbolic-reachability, three-form, 200, 5.644000s,
hybridsynchaadl Drone_Double_Integrator/verification/symbolic-reachability, three-form, 300, Time-Out,
hybridsynchaadl Drone_Double_Integrator/verification/symbolic-reachability, three-form, 400, Time-Out,
hybridsynchaadl Drone_Double_Integrator/verification/symbolic-reachability, three-form, 500, Time-Out,
hybridsynchaadl Drone_Double_Integrator/verification/symbolic-reachability, three-revu, 100, 1.336000s,
hybridsynchaadl Drone_Double_Integrator/verification/symbolic-reachability, three-revu, 200, 3.820000s,
hybridsynchaadl Drone_Double_Integrator/verification/symbolic-reachability, three-revu, 300, 9.048000s,
hybridsynchaadl Drone_Double_Integrator/verification/symbolic-reachability, three-revu, 400, Time-Out,
hybridsynchaadl Drone_Double_Integrator/verification/symbolic-reachability, three-revu, 500, Time-Out,
hybridsynchaadl Drone_Double_Integrator/verification/symbolic-reachability, two-form, 100, 1.408000s,
hybridsynchaadl Drone_Double_Integrator/verification/symbolic-reachability, two-form, 200, 3.744000s,
hybridsynchaadl Drone_Double_Integrator/verification/symbolic-reachability, two-form, 300, 8.288000s,
hybridsynchaadl Drone_Double_Integrator/verification/symbolic-reachability, two-form, 400, Time-Out,
hybridsynchaadl Drone_Double_Integrator/verification/symbolic-reachability, two-form, 500, Time-Out,
hybridsynchaadl Drone_Double_Integrator/verification/symbolic-reachability, two-revu, 100, 0.940000s,
hybridsynchaadl Drone_Double_Integrator/verification/symbolic-reachability, two-revu, 200, 2.380000s,
hybridsynchaadl Drone_Double_Integrator/verification/symbolic-reachability, two-revu, 300, 4.996000s,
hybridsynchaadl Drone_Double_Integrator/verification/symbolic-reachability, two-revu, 400, 9.068000s,
hybridsynchaadl Drone_Double_Integrator/verification/symbolic-reachability, two-revu, 500, Time-Out,
hybridsynchaadl Drone_Single_Integrator/verification/symbolic-reachability, four-form, 100, 1.564000s,
hybridsynchaadl Drone_Single_Integrator/verification/symbolic-reachability, four-form, 200, 4.732000s,
hybridsynchaadl Drone_Single_Integrator/verification/symbolic-reachability, four-form, 300, 11.368000s,
hybridsynchaadl Drone_Single_Integrator/verification/symbolic-reachability, four-form, 400, 23.216000s,
hybridsynchaadl Drone_Single_Integrator/verification/symbolic-reachability, four-form, 500, Time-Out,
hybridsynchaadl Drone_Single_Integrator/verification/symbolic-reachability, four-revu, 100, 1.188000s,
hybridsynchaadl Drone_Single_Integrator/verification/symbolic-reachability, four-revu, 200, 3.584000s,
hybridsynchaadl Drone_Single_Integrator/verification/symbolic-reachability, four-revu, 300, 8.136000s,
hybridsynchaadl Drone_Single_Integrator/verification/symbolic-reachability, four-revu, 400, 16.108000s,
hybridsynchaadl Drone_Single_Integrator/verification/symbolic-reachability, four-revu, 500, 30.500000s,
hybridsynchaadl Drone_Single_Integrator/verification/symbolic-reachability, three-form, 100, 1.256000s,
hybridsynchaadl Drone_Single_Integrator/verification/symbolic-reachability, three-form, 200, 3.508000s,
hybridsynchaadl Drone_Single_Integrator/verification/symbolic-reachability, three-form, 300, 7.716000s,
hybridsynchaadl Drone_Single_Integrator/verification/symbolic-reachability, three-form, 400, 15.084000s,
hybridsynchaadl Drone_Single_Integrator/verification/symbolic-reachability, three-form, 500, 59.572000s,
hybridsynchaadl Drone_Single_Integrator/verification/symbolic-reachability, three-revu, 100, 0.916000s,
hybridsynchaadl Drone_Single_Integrator/verification/symbolic-reachability, three-revu, 200, 2.540000s,
hybridsynchaadl Drone_Single_Integrator/verification/symbolic-reachability, three-revu, 300, 5.448000s,
hybridsynchaadl Drone_Single_Integrator/verification/symbolic-reachability, three-revu, 400, 10.056000s,
hybridsynchaadl Drone_Single_Integrator/verification/symbolic-reachability, three-revu, 500, 18.372000s,
hybridsynchaadl Drone_Single_Integrator/verification/symbolic-reachability, two-form, 100, 0.940000s,
hybridsynchaadl Drone_Single_Integrator/verification/symbolic-reachability, two-form, 200, 2.176000s,
hybridsynchaadl Drone_Single_Integrator/verification/symbolic-reachability, two-form, 300, 4.832000s,
hybridsynchaadl Drone_Single_Integrator/verification/symbolic-reachability, two-form, 400, 8.964000s,
hybridsynchaadl Drone_Single_Integrator/verification/symbolic-reachability, two-form, 500, 14.704000s,
hybridsynchaadl Drone_Single_Integrator/verification/symbolic-reachability, two-revu, 100, 0.656000s,
hybridsynchaadl Drone_Single_Integrator/verification/symbolic-reachability, two-revu, 200, 1.524000s,
hybridsynchaadl Drone_Single_Integrator/verification/symbolic-reachability, two-revu, 300, 3.172000s,
hybridsynchaadl Drone_Single_Integrator/verification/symbolic-reachability, two-revu, 400, 5.480000s,
hybridsynchaadl Drone_Single_Integrator/verification/symbolic-reachability, two-revu, 500, 9.480000s,
hybridsynchaadl Thermostat/verification/symbolic-reachability, four, 100, 0.464000s,
hybridsynchaadl Thermostat/verification/symbolic-reachability, four, 200, 0.992000s,
hybridsynchaadl Thermostat/verification/symbolic-reachability, four, 300, 2.208000s,
hybridsynchaadl Thermostat/verification/symbolic-reachability, four, 400, 4.560000s,
hybridsynchaadl Thermostat/verification/symbolic-reachability, four, 500, 9.236000s,
hybridsynchaadl Thermostat/verification/symbolic-reachability, three, 100, 0.368000s,
hybridsynchaadl Thermostat/verification/symbolic-reachability, three, 200, 0.760000s,
hybridsynchaadl Thermostat/verification/symbolic-reachability, three, 300, 1.448000s,
hybridsynchaadl Thermostat/verification/symbolic-reachability, three, 400, 2.844000s,
hybridsynchaadl Thermostat/verification/symbolic-reachability, three, 500, 5.156000s,
hybridsynchaadl Thermostat/verification/symbolic-reachability, two, 100, 0.308000s,
hybridsynchaadl Thermostat/verification/symbolic-reachability, two, 200, 0.528000s,
hybridsynchaadl Thermostat/verification/symbolic-reachability, two, 300, 0.900000s,
hybridsynchaadl Thermostat/verification/symbolic-reachability, two, 400, 1.620000s,
hybridsynchaadl Thermostat/verification/symbolic-reachability, two, 500, 2.808000s,
hybridsynchaadl WaterTank/verification/symbolic-reachability, four, 100, 0.472000s,
hybridsynchaadl WaterTank/verification/symbolic-reachability, four, 200, 0.884000s,
hybridsynchaadl WaterTank/verification/symbolic-reachability, four, 300, 1.600000s,
hybridsynchaadl WaterTank/verification/symbolic-reachability, four, 400, 2.768000s,
hybridsynchaadl WaterTank/verification/symbolic-reachability, four, 500, 4.472000s,
hybridsynchaadl WaterTank/verification/symbolic-reachability, three, 100, 0.388000s,
hybridsynchaadl WaterTank/verification/symbolic-reachability, three, 200, 0.656000s,
hybridsynchaadl WaterTank/verification/symbolic-reachability, three, 300, 1.096000s,
hybridsynchaadl WaterTank/verification/symbolic-reachability, three, 400, 1.784000s,
hybridsynchaadl WaterTank/verification/symbolic-reachability, three, 500, 2.696000s,
hybridsynchaadl WaterTank/verification/symbolic-reachability, two, 100, 0.300000s,
hybridsynchaadl WaterTank/verification/symbolic-reachability, two, 200, 0.456000s,
hybridsynchaadl WaterTank/verification/symbolic-reachability, two, 300, 0.684000s,
hybridsynchaadl WaterTank/verification/symbolic-reachability, two, 400, 1.000000s,
hybridsynchaadl WaterTank/verification/symbolic-reachability, two, 500, 1.424000s,
hycomp Drone_Single_Integrator, form-four, 100, 52.64s,
hycomp Drone_Single_Integrator, form-four, 200, 521.96s,
hycomp Drone_Single_Integrator, form-four, 300, 1200.05s,
hycomp Drone_Single_Integrator, form-four, 400, 1200.05s,
hycomp Drone_Single_Integrator, form-four, 500, 1200.05s,
hycomp Drone_Single_Integrator, form-three, 100, 12.57s,
hycomp Drone_Single_Integrator, form-three, 200, 211.97s,
hycomp Drone_Single_Integrator, form-three, 300, 1200.05s,
hycomp Drone_Single_Integrator, form-three, 400, 1200.05s,
hycomp Drone_Single_Integrator, form-three, 500, 1200.04s,
hycomp Drone_Single_Integrator, form-two, 100, 3.30s,
hycomp Drone_Single_Integrator, form-two, 200, 18.87s,
hycomp Drone_Single_Integrator, form-two, 300, 157.37s,
hycomp Drone_Single_Integrator, form-two, 400, 1200.03s,
hycomp Drone_Single_Integrator, form-two, 500, 1200.04s,
hycomp Drone_Single_Integrator, revu-four, 100, 15.64s,
hycomp Drone_Single_Integrator, revu-four, 200, 60.92s,
hycomp Drone_Single_Integrator, revu-four, 300, 355.79s,
hycomp Drone_Single_Integrator, revu-four, 400, 1200.05s,
hycomp Drone_Single_Integrator, revu-four, 500, 1200.05s,
hycomp Drone_Single_Integrator, revu-three, 100, 2.04s,
hycomp Drone_Single_Integrator, revu-three, 200, 16.55s,
hycomp Drone_Single_Integrator, revu-three, 300, 88.14s,
hycomp Drone_Single_Integrator, revu-three, 400, 394.27s,
hycomp Drone_Single_Integrator, revu-three, 500, 1096.68s,
hycomp Drone_Single_Integrator, revu-two, 100, 0.57s,
hycomp Drone_Single_Integrator, revu-two, 200, 3.28s,
hycomp Drone_Single_Integrator, revu-two, 300, 7.49s,
hycomp Drone_Single_Integrator, revu-two, 400, 26.09s,
hycomp Drone_Single_Integrator, revu-two, 500, 44.59s,
hycomp Thermostat, four, 100, 3.31s,
hycomp Thermostat, four, 200, 17.02s,
hycomp Thermostat, four, 300, 84.69s,
hycomp Thermostat, four, 400, 251.20s,
hycomp Thermostat, four, 500, 637.00s,
hycomp Thermostat, three, 100, 1.05s,
hycomp Thermostat, three, 200, 5.30s,
hycomp Thermostat, three, 300, 15.18s,
hycomp Thermostat, three, 400, 46.13s,
hycomp Thermostat, three, 500, 99.95s,
hycomp Thermostat, two, 100, 0.24s,
hycomp Thermostat, two, 200, 0.88s,
hycomp Thermostat, two, 300, 2.02s,
hycomp Thermostat, two, 400, 5.74s,
hycomp Thermostat, two, 500, 9.73s,
hycomp WaterTank, four, 100, 2.34s,
hycomp WaterTank, four, 200, 15.66s,
hycomp WaterTank, four, 300, 46.88s,
hycomp WaterTank, four, 400, 91.89s,
hycomp WaterTank, four, 500, 161.67s,
hycomp WaterTank, three, 100, 0.81s,
hycomp WaterTank, three, 200, 3.94s,
hycomp WaterTank, three, 300, 11.48s,
hycomp WaterTank, three, 400, 28.92s,
hycomp WaterTank, three, 500, 47.59s,
hycomp WaterTank, two, 100, 0.26s,
hycomp WaterTank, two, 200, 0.66s,
hycomp WaterTank, two, 300, 1.65s,
hycomp WaterTank, two, 400, 2.59s,
hycomp WaterTank, two, 500, 5.84s,
hylaa Drone_Double_Integrator, four-form, 100, Time-Out,
hylaa Drone_Double_Integrator, four-form, 200, Time-Out,
hylaa Drone_Double_Integrator, four-form, 300, Time-Out,
hylaa Drone_Double_Integrator, four-form, 400, Time-Out,
hylaa Drone_Double_Integrator, four-form, 500, Time-Out,
hylaa Drone_Double_Integrator, four-revu, 100, Time-Out,
hylaa Drone_Double_Integrator, four-revu, 200, Time-Out,
hylaa Drone_Double_Integrator, four-revu, 300, Time-Out,
hylaa Drone_Double_Integrator, four-revu, 400, Time-Out,
hylaa Drone_Double_Integrator, four-revu, 500, Time-Out,
hylaa Drone_Double_Integrator, three-form, 100, Time-Out,
hylaa Drone_Double_Integrator, three-form, 200, Time-Out,
hylaa Drone_Double_Integrator, three-form, 300, Time-Out,
hylaa Drone_Double_Integrator, three-form, 400, Time-Out,
hylaa Drone_Double_Integrator, three-form, 500, Time-Out,
hylaa Drone_Double_Integrator, three-revu, 100, Time-Out,
hylaa Drone_Double_Integrator, three-revu, 200, Time-Out,
hylaa Drone_Double_Integrator, three-revu, 300, Time-Out,
hylaa Drone_Double_Integrator, three-revu, 400, Time-Out,
hylaa Drone_Double_Integrator, three-revu, 500, Time-Out,
hylaa Drone_Double_Integrator, two-form, 100, Time-Out,
hylaa Drone_Double_Integrator, two-form, 200, Time-Out,
hylaa Drone_Double_Integrator, two-form, 300, Time-Out,
hylaa Drone_Double_Integrator, two-form, 400, Time-Out,
hylaa Drone_Double_Integrator, two-form, 500, Time-Out,
hylaa Drone_Double_Integrator, two-revu, 100, 133.81s,
hylaa Drone_Double_Integrator, two-revu, 200, Time-Out,
hylaa Drone_Double_Integrator, two-revu, 300, Time-Out,
hylaa Drone_Double_Integrator, two-revu, 400, Time-Out,
hylaa Drone_Double_Integrator, two-revu, 500, Time-Out,
hylaa Drone_Single_Integrator, four-form, 100, Time-Out,
hylaa Drone_Single_Integrator, four-form, 200, Time-Out,
hylaa Drone_Single_Integrator, four-form, 300, Time-Out,
hylaa Drone_Single_Integrator, four-form, 400, Time-Out,
hylaa Drone_Single_Integrator, four-form, 500, Time-Out,
hylaa Drone_Single_Integrator, four-revu, 100, Time-Out,
hylaa Drone_Single_Integrator, four-revu, 200, Time-Out,
hylaa Drone_Single_Integrator, four-revu, 300, Time-Out,
hylaa Drone_Single_Integrator, four-revu, 400, Time-Out,
hylaa Drone_Single_Integrator, four-revu, 500, Time-Out,
hylaa Drone_Single_Integrator, three-form, 100, Time-Out,
hylaa Drone_Single_Integrator, three-form, 200, Time-Out,
hylaa Drone_Single_Integrator, three-form, 300, Time-Out,
hylaa Drone_Single_Integrator, three-form, 400, Time-Out,
hylaa Drone_Single_Integrator, three-form, 500, Time-Out,
hylaa Drone_Single_Integrator, three-revu, 100, Time-Out,
hylaa Drone_Single_Integrator, three-revu, 200, Time-Out,
hylaa Drone_Single_Integrator, three-revu, 300, Time-Out,
hylaa Drone_Single_Integrator, three-revu, 400, Time-Out,
hylaa Drone_Single_Integrator, three-revu, 500, Time-Out,
hylaa Drone_Single_Integrator, two-form, 100, Time-Out,
hylaa Drone_Single_Integrator, two-form, 200, Time-Out,
hylaa Drone_Single_Integrator, two-form, 300, Time-Out,
hylaa Drone_Single_Integrator, two-form, 400, Time-Out,
hylaa Drone_Single_Integrator, two-form, 500, Time-Out,
hylaa Drone_Single_Integrator, two-revu, 100, 21.27s,
hylaa Drone_Single_Integrator, two-revu, 200, Time-Out,
hylaa Drone_Single_Integrator, two-revu, 300, Time-Out,
hylaa Drone_Single_Integrator, two-revu, 400, Time-Out,
hylaa Drone_Single_Integrator, two-revu, 500, Time-Out,
hylaa Thermostat, four, 100, 23.12s,
hylaa Thermostat, four, 200, 22.71s,
hylaa Thermostat, four, 300, 24.92s,
hylaa Thermostat, four, 400, 22.35s,
hylaa Thermostat, four, 500, 23.34s,
hylaa Thermostat, three, 100, 64.92s,
hylaa Thermostat, three, 200, Time-Out,
hylaa Thermostat, three, 300, Time-Out,
hylaa Thermostat, three, 400, Time-Out,
hylaa Thermostat, three, 500, Time-Out,
hylaa Thermostat, two, 100, 3.69s,
hylaa Thermostat, two, 200, 197.01s,
hylaa Thermostat, two, 300, Time-Out,
hylaa Thermostat, two, 400, Time-Out,
hylaa Thermostat, two, 500, Time-Out,
hylaa WaterTank, four, 100, 43.47s,
hylaa WaterTank, four, 200, 43.25s,
hylaa WaterTank, four, 300, 42.61s,
hylaa WaterTank, four, 400, 43.21s,
hylaa WaterTank, four, 500, 43.27s,
hylaa WaterTank, three, 100, 49.24s,
hylaa WaterTank, three, 200, Time-Out,
hylaa WaterTank, three, 300, Time-Out,
hylaa WaterTank, three, 400, Time-Out,
hylaa WaterTank, three, 500, Time-Out,
hylaa WaterTank, two, 100, 5.59s,
hylaa WaterTank, two, 200, 455.00s,
hylaa WaterTank, two, 300, Time-Out,
hylaa WaterTank, two, 400, Time-Out,
hylaa WaterTank, two, 500, Time-Out,
spaceex Drone_Double_Integrator, four-form, 100, 126.771s,
spaceex Drone_Double_Integrator, four-form, 200, Time-Out,
spaceex Drone_Double_Integrator, four-form, 300, Time-Out,
spaceex Drone_Double_Integrator, four-form, 400, Time-Out,
spaceex Drone_Double_Integrator, four-form, 500, Time-Out,
spaceex Drone_Double_Integrator, four-revu, 100, 72.9971s,
spaceex Drone_Double_Integrator, four-revu, 200, Time-Out,
spaceex Drone_Double_Integrator, four-revu, 300, Time-Out,
spaceex Drone_Double_Integrator, four-revu, 400, Time-Out,
spaceex Drone_Double_Integrator, four-revu, 500, Time-Out,
spaceex Drone_Double_Integrator, three-form, 100, 17.1401s,
spaceex Drone_Double_Integrator, three-form, 200, Time-Out,
spaceex Drone_Double_Integrator, three-form, 300, Time-Out,
spaceex Drone_Double_Integrator, three-form, 400, Time-Out,
spaceex Drone_Double_Integrator, three-form, 500, Time-Out,
spaceex Drone_Double_Integrator, three-revu, 100, 5.92301s,
spaceex Drone_Double_Integrator, three-revu, 200, Time-Out,
spaceex Drone_Double_Integrator, three-revu, 300, Time-Out,
spaceex Drone_Double_Integrator, three-revu, 400, Time-Out,
spaceex Drone_Double_Integrator, three-revu, 500, Time-Out,
spaceex Drone_Double_Integrator, two-form, 100, 2.37901s,
spaceex Drone_Double_Integrator, two-form, 200, 47.0121s,
spaceex Drone_Double_Integrator, two-form, 300, 669.007s,
spaceex Drone_Double_Integrator, two-form, 400, Time-Out,
spaceex Drone_Double_Integrator, two-form, 500, Time-Out,
spaceex Drone_Double_Integrator, two-revu, 100, 0.476001s,
spaceex Drone_Double_Integrator, two-revu, 200, 9.07501s,
spaceex Drone_Double_Integrator, two-revu, 300, 107.135s,
spaceex Drone_Double_Integrator, two-revu, 400, Time-Out,
spaceex Drone_Double_Integrator, two-revu, 500, Time-Out,
spaceex Drone_Single_Integrator, four-form, 100, 86.7901s,
spaceex Drone_Single_Integrator, four-form, 200, Time-Out,
spaceex Drone_Single_Integrator, four-form, 300, Time-Out,
spaceex Drone_Single_Integrator, four-form, 400, Time-Out,
spaceex Drone_Single_Integrator, four-form, 500, Time-Out,
spaceex Drone_Single_Integrator, four-revu, 100, 14.7341s,
spaceex Drone_Single_Integrator, four-revu, 200, Time-Out,
spaceex Drone_Single_Integrator, four-revu, 300, Time-Out,
spaceex Drone_Single_Integrator, four-revu, 400, Time-Out,
spaceex Drone_Single_Integrator, four-revu, 500, Time-Out,
spaceex Drone_Single_Integrator, three-form, 100, 13.3411s,
spaceex Drone_Single_Integrator, three-form, 200, Time-Out,
spaceex Drone_Single_Integrator, three-form, 300, Time-Out,
spaceex Drone_Single_Integrator, three-form, 400, Time-Out,
spaceex Drone_Single_Integrator, three-form, 500, Time-Out,
spaceex Drone_Single_Integrator, three-revu, 100, 1.59201s,
spaceex Drone_Single_Integrator, three-revu, 200, 46.3071s,
spaceex Drone_Single_Integrator, three-revu, 300, Time-Out,
spaceex Drone_Single_Integrator, three-revu, 400, Time-Out,
spaceex Drone_Single_Integrator, three-revu, 500, Time-Out,
spaceex Drone_Single_Integrator, two-form, 100, 1.29101s,
spaceex Drone_Single_Integrator, two-form, 200, 35.0211s,
spaceex Drone_Single_Integrator, two-form, 300, Time-Out,
spaceex Drone_Single_Integrator, two-form, 400, Time-Out,
spaceex Drone_Single_Integrator, two-form, 500, Time-Out,
spaceex Drone_Single_Integrator, two-revu, 100, 0.213001s,
spaceex Drone_Single_Integrator, two-revu, 200, 1.02001s,
spaceex Drone_Single_Integrator, two-revu, 300, 4.70901s,
spaceex Drone_Single_Integrator, two-revu, 400, 11.5281s,
spaceex Drone_Single_Integrator, two-revu, 500, 28.2441s,
spaceex Thermostat, four, 100, 1.07801s,
spaceex Thermostat, four, 200, Time-Out,
spaceex Thermostat, four, 300, Time-Out,
spaceex Thermostat, four, 400, Time-Out,
spaceex Thermostat, four, 500, Time-Out,
spaceex Thermostat, three, 100, 0.242001s,
spaceex Thermostat, three, 200, 11.2791s,
spaceex Thermostat, three, 300, Time-Out,
spaceex Thermostat, three, 400, Time-Out,
spaceex Thermostat, three, 500, Time-Out,
spaceex Thermostat, two, 100, 0.0450001s,
spaceex Thermostat, two, 200, 0.266001s,
spaceex Thermostat, two, 300, 1.61401s,
spaceex Thermostat, two, 400, 8.00501s,
spaceex Thermostat, two, 500, 24.4571s,
spaceex WaterTank, four, 100, 1.13101s,
spaceex WaterTank, four, 200, 254.888s,
spaceex WaterTank, four, 300, Time-Out,
spaceex WaterTank, four, 400, Time-Out,
spaceex WaterTank, four, 500, Time-Out,
spaceex WaterTank, three, 100, 0.236001s,
spaceex WaterTank, three, 200, 6.06801s,
spaceex WaterTank, three, 300, 127.407s,
spaceex WaterTank, three, 400, Time-Out,
spaceex WaterTank, three, 500, Time-Out,
spaceex WaterTank, two, 100, 0.0470001s,
spaceex WaterTank, two, 200, 0.239001s,
spaceex WaterTank, two, 300, 0.899001s,
spaceex WaterTank, two, 400, 2.76101s,
spaceex WaterTank, two, 500, 5.72601s,
