 ModelName, Type, PropertyName, TimeBound, Time, Solution, ,
hybridsynchaadl Drone_Double_Integrator/verification/randomized-simulation, randomized-simulation, four-form-inv, 100, Time-Out, Not-Found,
hybridsynchaadl Drone_Double_Integrator/verification/randomized-simulation, randomized-simulation, four-form-inv, 200, 1.168000s, Found,
hybridsynchaadl Drone_Double_Integrator/verification/randomized-simulation, randomized-simulation, four-form-inv, 300, 0.348000s, Found,
hybridsynchaadl Drone_Double_Integrator/verification/randomized-simulation, randomized-simulation, four-form-inv, 400, 0.244000s, Found,
hybridsynchaadl Drone_Double_Integrator/verification/randomized-simulation, randomized-simulation, four-form-inv, 500, 0.252000s, Found,
hybridsynchaadl Drone_Double_Integrator/verification/randomized-simulation, randomized-simulation, four-revu-inv, 100, Time-Out, Not-Found,
hybridsynchaadl Drone_Double_Integrator/verification/randomized-simulation, randomized-simulation, four-revu-inv, 200, 34.560000s, Found,
hybridsynchaadl Drone_Double_Integrator/verification/randomized-simulation, randomized-simulation, four-revu-inv, 300, 0.132000s, Found,
hybridsynchaadl Drone_Double_Integrator/verification/randomized-simulation, randomized-simulation, four-revu-inv, 400, 0.132000s, Found,
hybridsynchaadl Drone_Double_Integrator/verification/randomized-simulation, randomized-simulation, four-revu-inv, 500, 0.132000s, Found,
hybridsynchaadl Drone_Double_Integrator/verification/randomized-simulation, randomized-simulation, three-form-inv, 100, Time-Out, Not-Found,
hybridsynchaadl Drone_Double_Integrator/verification/randomized-simulation, randomized-simulation, three-form-inv, 200, Time-Out, Not-Found,
hybridsynchaadl Drone_Double_Integrator/verification/randomized-simulation, randomized-simulation, three-form-inv, 300, 0.404000s, Found,
hybridsynchaadl Drone_Double_Integrator/verification/randomized-simulation, randomized-simulation, three-form-inv, 400, 1.116000s, Found,
hybridsynchaadl Drone_Double_Integrator/verification/randomized-simulation, randomized-simulation, three-form-inv, 500, 0.352000s, Found,
hybridsynchaadl Drone_Double_Integrator/verification/randomized-simulation, randomized-simulation, three-revu-inv, 100, Time-Out, Not-Found,
hybridsynchaadl Drone_Double_Integrator/verification/randomized-simulation, randomized-simulation, three-revu-inv, 200, 16.716000s, Found,
hybridsynchaadl Drone_Double_Integrator/verification/randomized-simulation, randomized-simulation, three-revu-inv, 300, 0.088000s, Found,
hybridsynchaadl Drone_Double_Integrator/verification/randomized-simulation, randomized-simulation, three-revu-inv, 400, 0.088000s, Found,
hybridsynchaadl Drone_Double_Integrator/verification/randomized-simulation, randomized-simulation, three-revu-inv, 500, 0.092000s, Found,
hybridsynchaadl Drone_Double_Integrator/verification/randomized-simulation, randomized-simulation, two-form-inv, 100, Time-Out, Not-Found,
hybridsynchaadl Drone_Double_Integrator/verification/randomized-simulation, randomized-simulation, two-form-inv, 200, 0.128000s, Found,
hybridsynchaadl Drone_Double_Integrator/verification/randomized-simulation, randomized-simulation, two-form-inv, 300, 0.160000s, Found,
hybridsynchaadl Drone_Double_Integrator/verification/randomized-simulation, randomized-simulation, two-form-inv, 400, 0.308000s, Found,
hybridsynchaadl Drone_Double_Integrator/verification/randomized-simulation, randomized-simulation, two-form-inv, 500, 0.524000s, Found,
hybridsynchaadl Drone_Double_Integrator/verification/randomized-simulation, randomized-simulation, two-revu-inv, 100, Time-Out, Not-Found,
hybridsynchaadl Drone_Double_Integrator/verification/randomized-simulation, randomized-simulation, two-revu-inv, 200, 305.988000s, Found,
hybridsynchaadl Drone_Double_Integrator/verification/randomized-simulation, randomized-simulation, two-revu-inv, 300, 0.056000s, Found,
hybridsynchaadl Drone_Double_Integrator/verification/randomized-simulation, randomized-simulation, two-revu-inv, 400, 0.052000s, Found,
hybridsynchaadl Drone_Double_Integrator/verification/randomized-simulation, randomized-simulation, two-revu-inv, 500, 0.056000s, Found,
hybridsynchaadl Drone_Double_Integrator/verification/symbolic-reachability, symbolic-reachability, four-form-inv, 100, 2.836000s, Not-Found,
hybridsynchaadl Drone_Double_Integrator/verification/symbolic-reachability, symbolic-reachability, four-form-inv, 200, 23.024000s, Found,
hybridsynchaadl Drone_Double_Integrator/verification/symbolic-reachability, symbolic-reachability, four-form-inv, 300, 23.848000s, Found,
hybridsynchaadl Drone_Double_Integrator/verification/symbolic-reachability, symbolic-reachability, four-form-inv, 400, 23.456000s, Found,
hybridsynchaadl Drone_Double_Integrator/verification/symbolic-reachability, symbolic-reachability, four-form-inv, 500, 24.360000s, Found,
hybridsynchaadl Drone_Double_Integrator/verification/symbolic-reachability, symbolic-reachability, four-revu-inv, 100, 1.968000s, Not-Found,
hybridsynchaadl Drone_Double_Integrator/verification/symbolic-reachability, symbolic-reachability, four-revu-inv, 200, 16.088000s, Found,
hybridsynchaadl Drone_Double_Integrator/verification/symbolic-reachability, symbolic-reachability, four-revu-inv, 300, 16.656000s, Found,
hybridsynchaadl Drone_Double_Integrator/verification/symbolic-reachability, symbolic-reachability, four-revu-inv, 400, 16.056000s, Found,
hybridsynchaadl Drone_Double_Integrator/verification/symbolic-reachability, symbolic-reachability, four-revu-inv, 500, 16.628000s, Found,
hybridsynchaadl Drone_Double_Integrator/verification/symbolic-reachability, symbolic-reachability, three-form-inv, 100, 2.016000s, Not-Found,
hybridsynchaadl Drone_Double_Integrator/verification/symbolic-reachability, symbolic-reachability, three-form-inv, 200, 35.784000s, Found,
hybridsynchaadl Drone_Double_Integrator/verification/symbolic-reachability, symbolic-reachability, three-form-inv, 300, 36.292000s, Found,
hybridsynchaadl Drone_Double_Integrator/verification/symbolic-reachability, symbolic-reachability, three-form-inv, 400, 35.456000s, Found,
hybridsynchaadl Drone_Double_Integrator/verification/symbolic-reachability, symbolic-reachability, three-form-inv, 500, 37.396000s, Found,
hybridsynchaadl Drone_Double_Integrator/verification/symbolic-reachability, symbolic-reachability, three-revu-inv, 100, 1.496000s, Not-Found,
hybridsynchaadl Drone_Double_Integrator/verification/symbolic-reachability, symbolic-reachability, three-revu-inv, 200, 12.900000s, Found,
hybridsynchaadl Drone_Double_Integrator/verification/symbolic-reachability, symbolic-reachability, three-revu-inv, 300, 12.984000s, Found,
hybridsynchaadl Drone_Double_Integrator/verification/symbolic-reachability, symbolic-reachability, three-revu-inv, 400, 13.024000s, Found,
hybridsynchaadl Drone_Double_Integrator/verification/symbolic-reachability, symbolic-reachability, three-revu-inv, 500, 12.788000s, Found,
hybridsynchaadl Drone_Double_Integrator/verification/symbolic-reachability, symbolic-reachability, two-form-inv, 100, 1.404000s, Not-Found,
hybridsynchaadl Drone_Double_Integrator/verification/symbolic-reachability, symbolic-reachability, two-form-inv, 200, 40.272000s, Found,
hybridsynchaadl Drone_Double_Integrator/verification/symbolic-reachability, symbolic-reachability, two-form-inv, 300, 42.784000s, Found,
hybridsynchaadl Drone_Double_Integrator/verification/symbolic-reachability, symbolic-reachability, two-form-inv, 400, 39.856000s, Found,
hybridsynchaadl Drone_Double_Integrator/verification/symbolic-reachability, symbolic-reachability, two-form-inv, 500, 41.564000s, Found,
hybridsynchaadl Drone_Double_Integrator/verification/symbolic-reachability, symbolic-reachability, two-revu-inv, 100, 0.924000s, Not-Found,
hybridsynchaadl Drone_Double_Integrator/verification/symbolic-reachability, symbolic-reachability, two-revu-inv, 200, 6.812000s, Found,
hybridsynchaadl Drone_Double_Integrator/verification/symbolic-reachability, symbolic-reachability, two-revu-inv, 300, 6.888000s, Found,
hybridsynchaadl Drone_Double_Integrator/verification/symbolic-reachability, symbolic-reachability, two-revu-inv, 400, 6.856000s, Found,
hybridsynchaadl Drone_Double_Integrator/verification/symbolic-reachability, symbolic-reachability, two-revu-inv, 500, 6.832000s, Found,
hybridsynchaadl Drone_Single_Integrator/verification/randomized-simulation, randomized-simulation, four-form-inv, 100, Time-Out, Not-Found,
hybridsynchaadl Drone_Single_Integrator/verification/randomized-simulation, randomized-simulation, four-form-inv, 200, Time-Out, Not-Found,
hybridsynchaadl Drone_Single_Integrator/verification/randomized-simulation, randomized-simulation, four-form-inv, 300, Time-Out, Not-Found,
hybridsynchaadl Drone_Single_Integrator/verification/randomized-simulation, randomized-simulation, four-form-inv, 400, 16.152000s, Found,
hybridsynchaadl Drone_Single_Integrator/verification/randomized-simulation, randomized-simulation, four-form-inv, 500, 9.468000s, Found,
hybridsynchaadl Drone_Single_Integrator/verification/randomized-simulation, randomized-simulation, four-revu-inv, 100, Time-Out, Not-Found,
hybridsynchaadl Drone_Single_Integrator/verification/randomized-simulation, randomized-simulation, four-revu-inv, 200, Time-Out, Not-Found,
hybridsynchaadl Drone_Single_Integrator/verification/randomized-simulation, randomized-simulation, four-revu-inv, 300, Time-Out, Not-Found,
hybridsynchaadl Drone_Single_Integrator/verification/randomized-simulation, randomized-simulation, four-revu-inv, 400, Time-Out, Not-Found,
hybridsynchaadl Drone_Single_Integrator/verification/randomized-simulation, randomized-simulation, four-revu-inv, 500, 5.340000s, Found,
hybridsynchaadl Drone_Single_Integrator/verification/randomized-simulation, randomized-simulation, three-form-inv, 100, Time-Out, Not-Found,
hybridsynchaadl Drone_Single_Integrator/verification/randomized-simulation, randomized-simulation, three-form-inv, 200, Time-Out, Not-Found,
hybridsynchaadl Drone_Single_Integrator/verification/randomized-simulation, randomized-simulation, three-form-inv, 300, Time-Out, Not-Found,
hybridsynchaadl Drone_Single_Integrator/verification/randomized-simulation, randomized-simulation, three-form-inv, 400, Time-Out, Not-Found,
hybridsynchaadl Drone_Single_Integrator/verification/randomized-simulation, randomized-simulation, three-form-inv, 500, 819.352000s, Found,
hybridsynchaadl Drone_Single_Integrator/verification/randomized-simulation, randomized-simulation, three-revu-inv, 100, Time-Out, Not-Found,
hybridsynchaadl Drone_Single_Integrator/verification/randomized-simulation, randomized-simulation, three-revu-inv, 200, 606.576000s, Found,
hybridsynchaadl Drone_Single_Integrator/verification/randomized-simulation, randomized-simulation, three-revu-inv, 300, 64.940000s, Found,
hybridsynchaadl Drone_Single_Integrator/verification/randomized-simulation, randomized-simulation, three-revu-inv, 400, 1.176000s, Found,
hybridsynchaadl Drone_Single_Integrator/verification/randomized-simulation, randomized-simulation, three-revu-inv, 500, 0.312000s, Found,
hybridsynchaadl Drone_Single_Integrator/verification/randomized-simulation, randomized-simulation, two-form-inv, 100, Time-Out, Not-Found,
hybridsynchaadl Drone_Single_Integrator/verification/randomized-simulation, randomized-simulation, two-form-inv, 200, Time-Out, Not-Found,
hybridsynchaadl Drone_Single_Integrator/verification/randomized-simulation, randomized-simulation, two-form-inv, 300, Time-Out, Not-Found,
hybridsynchaadl Drone_Single_Integrator/verification/randomized-simulation, randomized-simulation, two-form-inv, 400, Time-Out, Not-Found,
hybridsynchaadl Drone_Single_Integrator/verification/randomized-simulation, randomized-simulation, two-form-inv, 500, Time-Out, Not-Found,
hybridsynchaadl Drone_Single_Integrator/verification/randomized-simulation, randomized-simulation, two-revu-inv, 100, Time-Out, Not-Found,
hybridsynchaadl Drone_Single_Integrator/verification/randomized-simulation, randomized-simulation, two-revu-inv, 200, Time-Out, Not-Found,
hybridsynchaadl Drone_Single_Integrator/verification/randomized-simulation, randomized-simulation, two-revu-inv, 300, Time-Out, Not-Found,
hybridsynchaadl Drone_Single_Integrator/verification/randomized-simulation, randomized-simulation, two-revu-inv, 400, 2.008000s, Found,
hybridsynchaadl Drone_Single_Integrator/verification/randomized-simulation, randomized-simulation, two-revu-inv, 500, 0.472000s, Found,
hybridsynchaadl Drone_Single_Integrator/verification/symbolic-reachability, symbolic-reachability, four-form-inv, 100, 1.784000s, Not-Found,
hybridsynchaadl Drone_Single_Integrator/verification/symbolic-reachability, symbolic-reachability, four-form-inv, 200, 6.276000s, Not-Found,
hybridsynchaadl Drone_Single_Integrator/verification/symbolic-reachability, symbolic-reachability, four-form-inv, 300, 83.764000s, Found,
hybridsynchaadl Drone_Single_Integrator/verification/symbolic-reachability, symbolic-reachability, four-form-inv, 400, 84.216000s, Found,
hybridsynchaadl Drone_Single_Integrator/verification/symbolic-reachability, symbolic-reachability, four-form-inv, 500, 90.228000s, Found,
hybridsynchaadl Drone_Single_Integrator/verification/symbolic-reachability, symbolic-reachability, four-revu-inv, 100, 1.328000s, Not-Found,
hybridsynchaadl Drone_Single_Integrator/verification/symbolic-reachability, symbolic-reachability, four-revu-inv, 200, 5.808000s, Not-Found,
hybridsynchaadl Drone_Single_Integrator/verification/symbolic-reachability, symbolic-reachability, four-revu-inv, 300, 16.576000s, Not-Found,
hybridsynchaadl Drone_Single_Integrator/verification/symbolic-reachability, symbolic-reachability, four-revu-inv, 400, 70.196000s, Found,
hybridsynchaadl Drone_Single_Integrator/verification/symbolic-reachability, symbolic-reachability, four-revu-inv, 500, 65.904000s, Found,
hybridsynchaadl Drone_Single_Integrator/verification/symbolic-reachability, symbolic-reachability, three-form-inv, 100, 1.252000s, Not-Found,
hybridsynchaadl Drone_Single_Integrator/verification/symbolic-reachability, symbolic-reachability, three-form-inv, 200, 3.968000s, Not-Found,
hybridsynchaadl Drone_Single_Integrator/verification/symbolic-reachability, symbolic-reachability, three-form-inv, 300, 46.024000s, Found,
hybridsynchaadl Drone_Single_Integrator/verification/symbolic-reachability, symbolic-reachability, three-form-inv, 400, 47.400000s, Found,
hybridsynchaadl Drone_Single_Integrator/verification/symbolic-reachability, symbolic-reachability, three-form-inv, 500, 48.256000s, Found,
hybridsynchaadl Drone_Single_Integrator/verification/symbolic-reachability, symbolic-reachability, three-revu-inv, 100, 1.036000s, Not-Found,
hybridsynchaadl Drone_Single_Integrator/verification/symbolic-reachability, symbolic-reachability, three-revu-inv, 200, 7.560000s, Found,
hybridsynchaadl Drone_Single_Integrator/verification/symbolic-reachability, symbolic-reachability, three-revu-inv, 300, 7.248000s, Found,
hybridsynchaadl Drone_Single_Integrator/verification/symbolic-reachability, symbolic-reachability, three-revu-inv, 400, 7.376000s, Found,
hybridsynchaadl Drone_Single_Integrator/verification/symbolic-reachability, symbolic-reachability, three-revu-inv, 500, 7.524000s, Found,
hybridsynchaadl Drone_Single_Integrator/verification/symbolic-reachability, symbolic-reachability, two-form-inv, 100, 0.972000s, Not-Found,
hybridsynchaadl Drone_Single_Integrator/verification/symbolic-reachability, symbolic-reachability, two-form-inv, 200, 2.496000s, Not-Found,
hybridsynchaadl Drone_Single_Integrator/verification/symbolic-reachability, symbolic-reachability, two-form-inv, 300, 33.436000s, Found,
hybridsynchaadl Drone_Single_Integrator/verification/symbolic-reachability, symbolic-reachability, two-form-inv, 400, 32.520000s, Found,
hybridsynchaadl Drone_Single_Integrator/verification/symbolic-reachability, symbolic-reachability, two-form-inv, 500, 32.888000s, Found,
hybridsynchaadl Drone_Single_Integrator/verification/symbolic-reachability, symbolic-reachability, two-revu-inv, 100, 0.688000s, Not-Found,
hybridsynchaadl Drone_Single_Integrator/verification/symbolic-reachability, symbolic-reachability, two-revu-inv, 200, 1.748000s, Not-Found,
hybridsynchaadl Drone_Single_Integrator/verification/symbolic-reachability, symbolic-reachability, two-revu-inv, 300, 11.784000s, Found,
hybridsynchaadl Drone_Single_Integrator/verification/symbolic-reachability, symbolic-reachability, two-revu-inv, 400, 12.092000s, Found,
hybridsynchaadl Drone_Single_Integrator/verification/symbolic-reachability, symbolic-reachability, two-revu-inv, 500, 12.176000s, Found,
hybridsynchaadl Thermostat/verification/randomized-simulation, randomized-simulation, four-inv, 100, Time-Out, Not-Found,
hybridsynchaadl Thermostat/verification/randomized-simulation, randomized-simulation, four-inv, 200, Time-Out, Not-Found,
hybridsynchaadl Thermostat/verification/randomized-simulation, randomized-simulation, four-inv, 300, Time-Out, Not-Found,
hybridsynchaadl Thermostat/verification/randomized-simulation, randomized-simulation, four-inv, 400, 3.356000s, Found,
hybridsynchaadl Thermostat/verification/randomized-simulation, randomized-simulation, four-inv, 500, 21.632000s, Found,
hybridsynchaadl Thermostat/verification/randomized-simulation, randomized-simulation, three-inv, 100, Time-Out, Not-Found,
hybridsynchaadl Thermostat/verification/randomized-simulation, randomized-simulation, three-inv, 200, Time-Out, Not-Found,
hybridsynchaadl Thermostat/verification/randomized-simulation, randomized-simulation, three-inv, 300, Time-Out, Not-Found,
hybridsynchaadl Thermostat/verification/randomized-simulation, randomized-simulation, three-inv, 400, Time-Out, Not-Found,
hybridsynchaadl Thermostat/verification/randomized-simulation, randomized-simulation, three-inv, 500, Time-Out, Not-Found,
hybridsynchaadl Thermostat/verification/randomized-simulation, randomized-simulation, two-inv, 100, Time-Out, Not-Found,
hybridsynchaadl Thermostat/verification/randomized-simulation, randomized-simulation, two-inv, 200, Time-Out, Not-Found,
hybridsynchaadl Thermostat/verification/randomized-simulation, randomized-simulation, two-inv, 300, Time-Out, Not-Found,
hybridsynchaadl Thermostat/verification/randomized-simulation, randomized-simulation, two-inv, 400, Time-Out, Not-Found,
hybridsynchaadl Thermostat/verification/randomized-simulation, randomized-simulation, two-inv, 500, Time-Out, Not-Found,
hybridsynchaadl Thermostat/verification/symbolic-reachability, symbolic-reachability, four-inv, 100, 0.472000s, Not-Found,
hybridsynchaadl Thermostat/verification/symbolic-reachability, symbolic-reachability, four-inv, 200, 1.140000s, Not-Found,
hybridsynchaadl Thermostat/verification/symbolic-reachability, symbolic-reachability, four-inv, 300, 2.668000s, Not-Found,
hybridsynchaadl Thermostat/verification/symbolic-reachability, symbolic-reachability, four-inv, 400, 15.196000s, Found,
hybridsynchaadl Thermostat/verification/symbolic-reachability, symbolic-reachability, four-inv, 500, 15.144000s, Found,
hybridsynchaadl Thermostat/verification/symbolic-reachability, symbolic-reachability, three-inv, 100, 0.380000s, Not-Found,
hybridsynchaadl Thermostat/verification/symbolic-reachability, symbolic-reachability, three-inv, 200, 0.808000s, Not-Found,
hybridsynchaadl Thermostat/verification/symbolic-reachability, symbolic-reachability, three-inv, 300, 1.688000s, Not-Found,
hybridsynchaadl Thermostat/verification/symbolic-reachability, symbolic-reachability, three-inv, 400, 3.556000s, Not-Found,
hybridsynchaadl Thermostat/verification/symbolic-reachability, symbolic-reachability, three-inv, 500, 18.852000s, Found,
hybridsynchaadl Thermostat/verification/symbolic-reachability, symbolic-reachability, two-inv, 100, 0.336000s, Not-Found,
hybridsynchaadl Thermostat/verification/symbolic-reachability, symbolic-reachability, two-inv, 200, 0.580000s, Not-Found,
hybridsynchaadl Thermostat/verification/symbolic-reachability, symbolic-reachability, two-inv, 300, 1.088000s, Not-Found,
hybridsynchaadl Thermostat/verification/symbolic-reachability, symbolic-reachability, two-inv, 400, 1.820000s, Not-Found,
hybridsynchaadl Thermostat/verification/symbolic-reachability, symbolic-reachability, two-inv, 500, 9.412000s, Found,
hybridsynchaadl WaterTank/verification/randomized-simulation, randomized-simulation, four-inv, 100, Time-Out, Not-Found,
hybridsynchaadl WaterTank/verification/randomized-simulation, randomized-simulation, four-inv, 200, Time-Out, Not-Found,
hybridsynchaadl WaterTank/verification/randomized-simulation, randomized-simulation, four-inv, 300, Time-Out, Not-Found,
hybridsynchaadl WaterTank/verification/randomized-simulation, randomized-simulation, four-inv, 400, Time-Out, Not-Found,
hybridsynchaadl WaterTank/verification/randomized-simulation, randomized-simulation, four-inv, 500, Time-Out, Not-Found,
hybridsynchaadl WaterTank/verification/randomized-simulation, randomized-simulation, three-inv, 100, Time-Out, Not-Found,
hybridsynchaadl WaterTank/verification/randomized-simulation, randomized-simulation, three-inv, 200, Time-Out, Not-Found,
hybridsynchaadl WaterTank/verification/randomized-simulation, randomized-simulation, three-inv, 300, Time-Out, Not-Found,
hybridsynchaadl WaterTank/verification/randomized-simulation, randomized-simulation, three-inv, 400, Time-Out, Found,
hybridsynchaadl WaterTank/verification/randomized-simulation, randomized-simulation, three-inv, 500, 0.164000s, Found,
hybridsynchaadl WaterTank/verification/randomized-simulation, randomized-simulation, two-inv, 100, Time-Out, Not-Found,
hybridsynchaadl WaterTank/verification/randomized-simulation, randomized-simulation, two-inv, 200, Time-Out, Not-Found,
hybridsynchaadl WaterTank/verification/randomized-simulation, randomized-simulation, two-inv, 300, Time-Out, Not-Found,
hybridsynchaadl WaterTank/verification/randomized-simulation, randomized-simulation, two-inv, 400, Time-Out, Not-Found,
hybridsynchaadl WaterTank/verification/randomized-simulation, randomized-simulation, two-inv, 500, Time-Out, Not-Found,
hybridsynchaadl WaterTank/verification/symbolic-reachability, symbolic-reachability, four-inv, 100, 0.484000s, Not-Found,
hybridsynchaadl WaterTank/verification/symbolic-reachability, symbolic-reachability, four-inv, 200, 0.876000s, Not-Found,
hybridsynchaadl WaterTank/verification/symbolic-reachability, symbolic-reachability, four-inv, 300, 1.628000s, Not-Found,
hybridsynchaadl WaterTank/verification/symbolic-reachability, symbolic-reachability, four-inv, 400, 2.788000s, Not-Found,
hybridsynchaadl WaterTank/verification/symbolic-reachability, symbolic-reachability, four-inv, 500, 14.776000s, Found,
hybridsynchaadl WaterTank/verification/symbolic-reachability, symbolic-reachability, three-inv, 100, 0.392000s, Not-Found,
hybridsynchaadl WaterTank/verification/symbolic-reachability, symbolic-reachability, three-inv, 200, 0.692000s, Not-Found,
hybridsynchaadl WaterTank/verification/symbolic-reachability, symbolic-reachability, three-inv, 300, 3.184000s, Found,
hybridsynchaadl WaterTank/verification/symbolic-reachability, symbolic-reachability, three-inv, 400, 3.140000s, Found,
hybridsynchaadl WaterTank/verification/symbolic-reachability, symbolic-reachability, three-inv, 500, 3.136000s, Found,
hybridsynchaadl WaterTank/verification/symbolic-reachability, symbolic-reachability, two-inv, 100, 0.316000s, Not-Found,
hybridsynchaadl WaterTank/verification/symbolic-reachability, symbolic-reachability, two-inv, 200, 0.464000s, Not-Found,
hybridsynchaadl WaterTank/verification/symbolic-reachability, symbolic-reachability, two-inv, 300, 0.688000s, Not-Found,
hybridsynchaadl WaterTank/verification/symbolic-reachability, symbolic-reachability, two-inv, 400, 1.012000s, Not-Found,
hybridsynchaadl WaterTank/verification/symbolic-reachability, symbolic-reachability, two-inv, 500, 4.508000s, Found,
