 ModelName, Type, PropertyName, TimeBound, Time, Solution, ,
hybridsynchaadl Drone_Double_Integrator/verification/randomized-simulation, randomized-simulation, four-form-inv, 100, Time-Out, Not-Found,
hybridsynchaadl Drone_Double_Integrator/verification/randomized-simulation, randomized-simulation, four-form-inv, 200, 0.136000s, Found,
hybridsynchaadl Drone_Double_Integrator/verification/randomized-simulation, randomized-simulation, four-form-inv, 300, 0.132000s, Found,
hybridsynchaadl Drone_Double_Integrator/verification/randomized-simulation, randomized-simulation, four-form-inv, 400, 0.140000s, Found,
hybridsynchaadl Drone_Double_Integrator/verification/randomized-simulation, randomized-simulation, four-form-inv, 500, 0.132000s, Found,
hybridsynchaadl Drone_Double_Integrator/verification/randomized-simulation, randomized-simulation, four-revu-inv, 100, Time-Out, Not-Found,
hybridsynchaadl Drone_Double_Integrator/verification/randomized-simulation, randomized-simulation, four-revu-inv, 200, 2.884000s, Found,
hybridsynchaadl Drone_Double_Integrator/verification/randomized-simulation, randomized-simulation, four-revu-inv, 300, 0.132000s, Found,
hybridsynchaadl Drone_Double_Integrator/verification/randomized-simulation, randomized-simulation, four-revu-inv, 400, 0.144000s, Found,
hybridsynchaadl Drone_Double_Integrator/verification/randomized-simulation, randomized-simulation, four-revu-inv, 500, 0.132000s, Found,
hybridsynchaadl Drone_Double_Integrator/verification/randomized-simulation, randomized-simulation, three-form-inv, 100, Time-Out, Not-Found,
hybridsynchaadl Drone_Double_Integrator/verification/randomized-simulation, randomized-simulation, three-form-inv, 200, Time-Out, Not-Found,
hybridsynchaadl Drone_Double_Integrator/verification/randomized-simulation, randomized-simulation, three-form-inv, 300, 2.116000s, Found,
hybridsynchaadl Drone_Double_Integrator/verification/randomized-simulation, randomized-simulation, three-form-inv, 400, 0.752000s, Found,
hybridsynchaadl Drone_Double_Integrator/verification/randomized-simulation, randomized-simulation, three-form-inv, 500, 0.400000s, Found,
hybridsynchaadl Drone_Double_Integrator/verification/randomized-simulation, randomized-simulation, three-revu-inv, 100, Time-Out, Not-Found,
hybridsynchaadl Drone_Double_Integrator/verification/randomized-simulation, randomized-simulation, three-revu-inv, 200, 29.824000s, Found,
hybridsynchaadl Drone_Double_Integrator/verification/randomized-simulation, randomized-simulation, three-revu-inv, 300, 0.092000s, Found,
hybridsynchaadl Drone_Double_Integrator/verification/randomized-simulation, randomized-simulation, three-revu-inv, 400, 0.092000s, Found,
hybridsynchaadl Drone_Double_Integrator/verification/randomized-simulation, randomized-simulation, three-revu-inv, 500, 0.092000s, Found,
hybridsynchaadl Drone_Double_Integrator/verification/randomized-simulation, randomized-simulation, two-form-inv, 100, Time-Out, Not-Found,
hybridsynchaadl Drone_Double_Integrator/verification/randomized-simulation, randomized-simulation, two-form-inv, 200, 0.596000s, Found,
hybridsynchaadl Drone_Double_Integrator/verification/randomized-simulation, randomized-simulation, two-form-inv, 300, 0.080000s, Found,
hybridsynchaadl Drone_Double_Integrator/verification/randomized-simulation, randomized-simulation, two-form-inv, 400, 0.080000s, Found,
hybridsynchaadl Drone_Double_Integrator/verification/randomized-simulation, randomized-simulation, two-form-inv, 500, 0.088000s, Found,
hybridsynchaadl Drone_Double_Integrator/verification/randomized-simulation, randomized-simulation, two-revu-inv, 100, Time-Out, Not-Found,
hybridsynchaadl Drone_Double_Integrator/verification/randomized-simulation, randomized-simulation, two-revu-inv, 200, 182.556000s, Found,
hybridsynchaadl Drone_Double_Integrator/verification/randomized-simulation, randomized-simulation, two-revu-inv, 300, 0.108000s, Found,
hybridsynchaadl Drone_Double_Integrator/verification/randomized-simulation, randomized-simulation, two-revu-inv, 400, 0.068000s, Found,
hybridsynchaadl Drone_Double_Integrator/verification/randomized-simulation, randomized-simulation, two-revu-inv, 500, 0.068000s, Found,
hybridsynchaadl Drone_Double_Integrator/verification/symbolic-reachability, symbolic-reachability, four-form-inv, 100, 2.676000s, Not-Found,
hybridsynchaadl Drone_Double_Integrator/verification/symbolic-reachability, symbolic-reachability, four-form-inv, 200, 23.220000s, Found,
hybridsynchaadl Drone_Double_Integrator/verification/symbolic-reachability, symbolic-reachability, four-form-inv, 300, 23.196000s, Found,
hybridsynchaadl Drone_Double_Integrator/verification/symbolic-reachability, symbolic-reachability, four-form-inv, 400, 24.232000s, Found,
hybridsynchaadl Drone_Double_Integrator/verification/symbolic-reachability, symbolic-reachability, four-form-inv, 500, 23.572000s, Found,
hybridsynchaadl Drone_Double_Integrator/verification/symbolic-reachability, symbolic-reachability, four-revu-inv, 100, 2.020000s, Not-Found,
hybridsynchaadl Drone_Double_Integrator/verification/symbolic-reachability, symbolic-reachability, four-revu-inv, 200, 16.400000s, Found,
hybridsynchaadl Drone_Double_Integrator/verification/symbolic-reachability, symbolic-reachability, four-revu-inv, 300, 16.804000s, Found,
hybridsynchaadl Drone_Double_Integrator/verification/symbolic-reachability, symbolic-reachability, four-revu-inv, 400, 16.608000s, Found,
hybridsynchaadl Drone_Double_Integrator/verification/symbolic-reachability, symbolic-reachability, four-revu-inv, 500, 16.584000s, Found,
hybridsynchaadl Drone_Double_Integrator/verification/symbolic-reachability, symbolic-reachability, three-form-inv, 100, 1.984000s, Not-Found,
hybridsynchaadl Drone_Double_Integrator/verification/symbolic-reachability, symbolic-reachability, three-form-inv, 200, 35.952000s, Found,
hybridsynchaadl Drone_Double_Integrator/verification/symbolic-reachability, symbolic-reachability, three-form-inv, 300, 37.464000s, Found,
hybridsynchaadl Drone_Double_Integrator/verification/symbolic-reachability, symbolic-reachability, three-form-inv, 400, 36.176000s, Found,
hybridsynchaadl Drone_Double_Integrator/verification/symbolic-reachability, symbolic-reachability, three-form-inv, 500, 37.316000s, Found,
hybridsynchaadl Drone_Double_Integrator/verification/symbolic-reachability, symbolic-reachability, three-revu-inv, 100, 1.536000s, Not-Found,
hybridsynchaadl Drone_Double_Integrator/verification/symbolic-reachability, symbolic-reachability, three-revu-inv, 200, 12.652000s, Found,
hybridsynchaadl Drone_Double_Integrator/verification/symbolic-reachability, symbolic-reachability, three-revu-inv, 300, 12.812000s, Found,
hybridsynchaadl Drone_Double_Integrator/verification/symbolic-reachability, symbolic-reachability, three-revu-inv, 400, 12.956000s, Found,
hybridsynchaadl Drone_Double_Integrator/verification/symbolic-reachability, symbolic-reachability, three-revu-inv, 500, 12.816000s, Found,
hybridsynchaadl Drone_Double_Integrator/verification/symbolic-reachability, symbolic-reachability, two-form-inv, 100, 1.400000s, Not-Found,
hybridsynchaadl Drone_Double_Integrator/verification/symbolic-reachability, symbolic-reachability, two-form-inv, 200, 40.404000s, Found,
hybridsynchaadl Drone_Double_Integrator/verification/symbolic-reachability, symbolic-reachability, two-form-inv, 300, 41.628000s, Found,
hybridsynchaadl Drone_Double_Integrator/verification/symbolic-reachability, symbolic-reachability, two-form-inv, 400, 40.316000s, Found,
hybridsynchaadl Drone_Double_Integrator/verification/symbolic-reachability, symbolic-reachability, two-form-inv, 500, 41.384000s, Found,
hybridsynchaadl Drone_Double_Integrator/verification/symbolic-reachability, symbolic-reachability, two-revu-inv, 100, 0.960000s, Not-Found,
hybridsynchaadl Drone_Double_Integrator/verification/symbolic-reachability, symbolic-reachability, two-revu-inv, 200, 6.656000s, Found,
hybridsynchaadl Drone_Double_Integrator/verification/symbolic-reachability, symbolic-reachability, two-revu-inv, 300, 6.820000s, Found,
hybridsynchaadl Drone_Double_Integrator/verification/symbolic-reachability, symbolic-reachability, two-revu-inv, 400, 6.848000s, Found,
hybridsynchaadl Drone_Double_Integrator/verification/symbolic-reachability, symbolic-reachability, two-revu-inv, 500, 6.552000s, Found,
hybridsynchaadl Drone_Single_Integrator/verification/randomized-simulation, randomized-simulation, four-form-inv, 100, Time-Out, Not-Found,
hybridsynchaadl Drone_Single_Integrator/verification/randomized-simulation, randomized-simulation, four-form-inv, 200, Time-Out, Not-Found,
hybridsynchaadl Drone_Single_Integrator/verification/randomized-simulation, randomized-simulation, four-form-inv, 300, Time-Out, Not-Found,
hybridsynchaadl Drone_Single_Integrator/verification/randomized-simulation, randomized-simulation, four-form-inv, 400, 37.616000s, Found,
hybridsynchaadl Drone_Single_Integrator/verification/randomized-simulation, randomized-simulation, four-form-inv, 500, 0.192000s, Found,
hybridsynchaadl Drone_Single_Integrator/verification/randomized-simulation, randomized-simulation, four-revu-inv, 100, Time-Out, Not-Found,
hybridsynchaadl Drone_Single_Integrator/verification/randomized-simulation, randomized-simulation, four-revu-inv, 200, Time-Out, Not-Found,
hybridsynchaadl Drone_Single_Integrator/verification/randomized-simulation, randomized-simulation, four-revu-inv, 300, Time-Out, Not-Found,
hybridsynchaadl Drone_Single_Integrator/verification/randomized-simulation, randomized-simulation, four-revu-inv, 400, Time-Out, Not-Found,
hybridsynchaadl Drone_Single_Integrator/verification/randomized-simulation, randomized-simulation, four-revu-inv, 500, 42.460000s, Found,
hybridsynchaadl Drone_Single_Integrator/verification/randomized-simulation, randomized-simulation, three-form-inv, 100, Time-Out, Not-Found,
hybridsynchaadl Drone_Single_Integrator/verification/randomized-simulation, randomized-simulation, three-form-inv, 200, Time-Out, Not-Found,
hybridsynchaadl Drone_Single_Integrator/verification/randomized-simulation, randomized-simulation, three-form-inv, 300, Time-Out, Not-Found,
hybridsynchaadl Drone_Single_Integrator/verification/randomized-simulation, randomized-simulation, three-form-inv, 400, Time-Out, Not-Found,
hybridsynchaadl Drone_Single_Integrator/verification/randomized-simulation, randomized-simulation, three-form-inv, 500, 97.540000s, Found,
hybridsynchaadl Drone_Single_Integrator/verification/randomized-simulation, randomized-simulation, three-revu-inv, 100, Time-Out, Not-Found,
hybridsynchaadl Drone_Single_Integrator/verification/randomized-simulation, randomized-simulation, three-revu-inv, 200, Time-Out, Not-Found,
hybridsynchaadl Drone_Single_Integrator/verification/randomized-simulation, randomized-simulation, three-revu-inv, 300, 545.424000s, Found,
hybridsynchaadl Drone_Single_Integrator/verification/randomized-simulation, randomized-simulation, three-revu-inv, 400, 1.744000s, Found,
hybridsynchaadl Drone_Single_Integrator/verification/randomized-simulation, randomized-simulation, three-revu-inv, 500, 0.192000s, Found,
hybridsynchaadl Drone_Single_Integrator/verification/randomized-simulation, randomized-simulation, two-form-inv, 100, Time-Out, Not-Found,
hybridsynchaadl Drone_Single_Integrator/verification/randomized-simulation, randomized-simulation, two-form-inv, 200, Time-Out, Not-Found,
hybridsynchaadl Drone_Single_Integrator/verification/randomized-simulation, randomized-simulation, two-form-inv, 300, Time-Out, Not-Found,
hybridsynchaadl Drone_Single_Integrator/verification/randomized-simulation, randomized-simulation, two-form-inv, 400, Time-Out, Not-Found,
hybridsynchaadl Drone_Single_Integrator/verification/randomized-simulation, randomized-simulation, two-form-inv, 500, Time-Out, Not-Found,
hybridsynchaadl Drone_Single_Integrator/verification/randomized-simulation, randomized-simulation, two-revu-inv, 100, Time-Out, Not-Found,
hybridsynchaadl Drone_Single_Integrator/verification/randomized-simulation, randomized-simulation, two-revu-inv, 200, Time-Out, Not-Found,
hybridsynchaadl Drone_Single_Integrator/verification/randomized-simulation, randomized-simulation, two-revu-inv, 300, Time-Out, Not-Found,
hybridsynchaadl Drone_Single_Integrator/verification/randomized-simulation, randomized-simulation, two-revu-inv, 400, 2.136000s, Found,
hybridsynchaadl Drone_Single_Integrator/verification/randomized-simulation, randomized-simulation, two-revu-inv, 500, 0.172000s, Found,
hybridsynchaadl Drone_Single_Integrator/verification/symbolic-reachability, symbolic-reachability, four-form-inv, 100, 1.724000s, Not-Found,
hybridsynchaadl Drone_Single_Integrator/verification/symbolic-reachability, symbolic-reachability, four-form-inv, 200, 6.012000s, Not-Found,
hybridsynchaadl Drone_Single_Integrator/verification/symbolic-reachability, symbolic-reachability, four-form-inv, 300, 84.088000s, Found,
hybridsynchaadl Drone_Single_Integrator/verification/symbolic-reachability, symbolic-reachability, four-form-inv, 400, 88.164000s, Found,
hybridsynchaadl Drone_Single_Integrator/verification/symbolic-reachability, symbolic-reachability, four-form-inv, 500, 83.532000s, Found,
hybridsynchaadl Drone_Single_Integrator/verification/symbolic-reachability, symbolic-reachability, four-revu-inv, 100, 1.332000s, Not-Found,
hybridsynchaadl Drone_Single_Integrator/verification/symbolic-reachability, symbolic-reachability, four-revu-inv, 200, 5.664000s, Not-Found,
hybridsynchaadl Drone_Single_Integrator/verification/symbolic-reachability, symbolic-reachability, four-revu-inv, 300, 17.800000s, Not-Found,
hybridsynchaadl Drone_Single_Integrator/verification/symbolic-reachability, symbolic-reachability, four-revu-inv, 400, 69.060000s, Found,
hybridsynchaadl Drone_Single_Integrator/verification/symbolic-reachability, symbolic-reachability, four-revu-inv, 500, 66.240000s, Found,
hybridsynchaadl Drone_Single_Integrator/verification/symbolic-reachability, symbolic-reachability, three-form-inv, 100, 1.312000s, Not-Found,
hybridsynchaadl Drone_Single_Integrator/verification/symbolic-reachability, symbolic-reachability, three-form-inv, 200, 3.984000s, Not-Found,
hybridsynchaadl Drone_Single_Integrator/verification/symbolic-reachability, symbolic-reachability, three-form-inv, 300, 48.464000s, Found,
hybridsynchaadl Drone_Single_Integrator/verification/symbolic-reachability, symbolic-reachability, three-form-inv, 400, 48.548000s, Found,
hybridsynchaadl Drone_Single_Integrator/verification/symbolic-reachability, symbolic-reachability, three-form-inv, 500, 48.144000s, Found,
hybridsynchaadl Drone_Single_Integrator/verification/symbolic-reachability, symbolic-reachability, three-revu-inv, 100, 0.972000s, Not-Found,
hybridsynchaadl Drone_Single_Integrator/verification/symbolic-reachability, symbolic-reachability, three-revu-inv, 200, 7.232000s, Found,
hybridsynchaadl Drone_Single_Integrator/verification/symbolic-reachability, symbolic-reachability, three-revu-inv, 300, 7.204000s, Found,
hybridsynchaadl Drone_Single_Integrator/verification/symbolic-reachability, symbolic-reachability, three-revu-inv, 400, 7.464000s, Found,
hybridsynchaadl Drone_Single_Integrator/verification/symbolic-reachability, symbolic-reachability, three-revu-inv, 500, 7.556000s, Found,
hybridsynchaadl Drone_Single_Integrator/verification/symbolic-reachability, symbolic-reachability, two-form-inv, 100, 0.900000s, Not-Found,
hybridsynchaadl Drone_Single_Integrator/verification/symbolic-reachability, symbolic-reachability, two-form-inv, 200, 2.584000s, Not-Found,
hybridsynchaadl Drone_Single_Integrator/verification/symbolic-reachability, symbolic-reachability, two-form-inv, 300, 35.124000s, Found,
hybridsynchaadl Drone_Single_Integrator/verification/symbolic-reachability, symbolic-reachability, two-form-inv, 400, 34.388000s, Found,
hybridsynchaadl Drone_Single_Integrator/verification/symbolic-reachability, symbolic-reachability, two-form-inv, 500, 33.524000s, Found,
hybridsynchaadl Drone_Single_Integrator/verification/symbolic-reachability, symbolic-reachability, two-revu-inv, 100, 0.692000s, Not-Found,
hybridsynchaadl Drone_Single_Integrator/verification/symbolic-reachability, symbolic-reachability, two-revu-inv, 200, 1.792000s, Not-Found,
hybridsynchaadl Drone_Single_Integrator/verification/symbolic-reachability, symbolic-reachability, two-revu-inv, 300, 11.920000s, Found,
hybridsynchaadl Drone_Single_Integrator/verification/symbolic-reachability, symbolic-reachability, two-revu-inv, 400, 12.760000s, Found,
hybridsynchaadl Drone_Single_Integrator/verification/symbolic-reachability, symbolic-reachability, two-revu-inv, 500, 12.208000s, Found,
hybridsynchaadl Thermostat/verification/randomized-simulation, randomized-simulation, four-inv, 100, Time-Out, Not-Found,
hybridsynchaadl Thermostat/verification/randomized-simulation, randomized-simulation, four-inv, 200, Time-Out, Not-Found,
hybridsynchaadl Thermostat/verification/randomized-simulation, randomized-simulation, four-inv, 300, Time-Out, Not-Found,
hybridsynchaadl Thermostat/verification/randomized-simulation, randomized-simulation, four-inv, 400, 5.660000s, Found,
hybridsynchaadl Thermostat/verification/randomized-simulation, randomized-simulation, four-inv, 500, 22.364000s, Found,
hybridsynchaadl Thermostat/verification/randomized-simulation, randomized-simulation, three-inv, 100, Time-Out, Not-Found,
hybridsynchaadl Thermostat/verification/randomized-simulation, randomized-simulation, three-inv, 200, Time-Out, Not-Found,
hybridsynchaadl Thermostat/verification/randomized-simulation, randomized-simulation, three-inv, 300, Time-Out, Not-Found,
hybridsynchaadl Thermostat/verification/randomized-simulation, randomized-simulation, three-inv, 400, Time-Out, Not-Found,
hybridsynchaadl Thermostat/verification/randomized-simulation, randomized-simulation, three-inv, 500, Time-Out, Not-Found,
hybridsynchaadl Thermostat/verification/randomized-simulation, randomized-simulation, two-inv, 100, Time-Out, Not-Found,
hybridsynchaadl Thermostat/verification/randomized-simulation, randomized-simulation, two-inv, 200, Time-Out, Not-Found,
hybridsynchaadl Thermostat/verification/randomized-simulation, randomized-simulation, two-inv, 300, Time-Out, Not-Found,
hybridsynchaadl Thermostat/verification/randomized-simulation, randomized-simulation, two-inv, 400, Time-Out, Not-Found,
hybridsynchaadl Thermostat/verification/randomized-simulation, randomized-simulation, two-inv, 500, Time-Out, Not-Found,
hybridsynchaadl Thermostat/verification/symbolic-reachability, symbolic-reachability, four-inv, 100, 0.460000s, Not-Found,
hybridsynchaadl Thermostat/verification/symbolic-reachability, symbolic-reachability, four-inv, 200, 1.096000s, Not-Found,
hybridsynchaadl Thermostat/verification/symbolic-reachability, symbolic-reachability, four-inv, 300, 2.724000s, Not-Found,
hybridsynchaadl Thermostat/verification/symbolic-reachability, symbolic-reachability, four-inv, 400, 15.232000s, Found,
hybridsynchaadl Thermostat/verification/symbolic-reachability, symbolic-reachability, four-inv, 500, 15.276000s, Found,
hybridsynchaadl Thermostat/verification/symbolic-reachability, symbolic-reachability, three-inv, 100, 0.396000s, Not-Found,
hybridsynchaadl Thermostat/verification/symbolic-reachability, symbolic-reachability, three-inv, 200, 0.820000s, Not-Found,
hybridsynchaadl Thermostat/verification/symbolic-reachability, symbolic-reachability, three-inv, 300, 1.716000s, Not-Found,
hybridsynchaadl Thermostat/verification/symbolic-reachability, symbolic-reachability, three-inv, 400, 3.564000s, Not-Found,
hybridsynchaadl Thermostat/verification/symbolic-reachability, symbolic-reachability, three-inv, 500, 18.996000s, Found,
hybridsynchaadl Thermostat/verification/symbolic-reachability, symbolic-reachability, two-inv, 100, 0.312000s, Not-Found,
hybridsynchaadl Thermostat/verification/symbolic-reachability, symbolic-reachability, two-inv, 200, 0.576000s, Not-Found,
hybridsynchaadl Thermostat/verification/symbolic-reachability, symbolic-reachability, two-inv, 300, 1.052000s, Not-Found,
hybridsynchaadl Thermostat/verification/symbolic-reachability, symbolic-reachability, two-inv, 400, 1.880000s, Not-Found,
hybridsynchaadl Thermostat/verification/symbolic-reachability, symbolic-reachability, two-inv, 500, 9.440000s, Found,
hybridsynchaadl WaterTank/verification/randomized-simulation, randomized-simulation, four-inv, 100, Time-Out, Not-Found,
hybridsynchaadl WaterTank/verification/randomized-simulation, randomized-simulation, four-inv, 200, Time-Out, Not-Found,
hybridsynchaadl WaterTank/verification/randomized-simulation, randomized-simulation, four-inv, 300, Time-Out, Not-Found,
hybridsynchaadl WaterTank/verification/randomized-simulation, randomized-simulation, four-inv, 400, Time-Out, Not-Found,
hybridsynchaadl WaterTank/verification/randomized-simulation, randomized-simulation, four-inv, 500, Time-Out, Not-Found,
hybridsynchaadl WaterTank/verification/randomized-simulation, randomized-simulation, three-inv, 100, Time-Out, Not-Found,
hybridsynchaadl WaterTank/verification/randomized-simulation, randomized-simulation, three-inv, 200, Time-Out, Not-Found,
hybridsynchaadl WaterTank/verification/randomized-simulation, randomized-simulation, three-inv, 300, Time-Out, Not-Found,
hybridsynchaadl WaterTank/verification/randomized-simulation, randomized-simulation, three-inv, 400, Time-Out, Found,
hybridsynchaadl WaterTank/verification/randomized-simulation, randomized-simulation, three-inv, 500, 0.052000s, Found,
hybridsynchaadl WaterTank/verification/randomized-simulation, randomized-simulation, two-inv, 100, Time-Out, Not-Found,
hybridsynchaadl WaterTank/verification/randomized-simulation, randomized-simulation, two-inv, 200, Time-Out, Not-Found,
hybridsynchaadl WaterTank/verification/randomized-simulation, randomized-simulation, two-inv, 300, Time-Out, Not-Found,
hybridsynchaadl WaterTank/verification/randomized-simulation, randomized-simulation, two-inv, 400, Time-Out, Not-Found,
hybridsynchaadl WaterTank/verification/randomized-simulation, randomized-simulation, two-inv, 500, Time-Out, Not-Found,
hybridsynchaadl WaterTank/verification/symbolic-reachability, symbolic-reachability, four-inv, 100, 0.488000s, Not-Found,
hybridsynchaadl WaterTank/verification/symbolic-reachability, symbolic-reachability, four-inv, 200, 0.880000s, Not-Found,
hybridsynchaadl WaterTank/verification/symbolic-reachability, symbolic-reachability, four-inv, 300, 1.668000s, Not-Found,
hybridsynchaadl WaterTank/verification/symbolic-reachability, symbolic-reachability, four-inv, 400, 2.844000s, Not-Found,
hybridsynchaadl WaterTank/verification/symbolic-reachability, symbolic-reachability, four-inv, 500, 14.928000s, Found,
hybridsynchaadl WaterTank/verification/symbolic-reachability, symbolic-reachability, three-inv, 100, 0.384000s, Not-Found,
hybridsynchaadl WaterTank/verification/symbolic-reachability, symbolic-reachability, three-inv, 200, 0.680000s, Not-Found,
hybridsynchaadl WaterTank/verification/symbolic-reachability, symbolic-reachability, three-inv, 300, 3.180000s, Found,
hybridsynchaadl WaterTank/verification/symbolic-reachability, symbolic-reachability, three-inv, 400, 3.208000s, Found,
hybridsynchaadl WaterTank/verification/symbolic-reachability, symbolic-reachability, three-inv, 500, 3.176000s, Found,
hybridsynchaadl WaterTank/verification/symbolic-reachability, symbolic-reachability, two-inv, 100, 0.312000s, Not-Found,
hybridsynchaadl WaterTank/verification/symbolic-reachability, symbolic-reachability, two-inv, 200, 0.464000s, Not-Found,
hybridsynchaadl WaterTank/verification/symbolic-reachability, symbolic-reachability, two-inv, 300, 0.716000s, Not-Found,
hybridsynchaadl WaterTank/verification/symbolic-reachability, symbolic-reachability, two-inv, 400, 1.012000s, Not-Found,
hybridsynchaadl WaterTank/verification/symbolic-reachability, symbolic-reachability, two-inv, 500, 4.440000s, Found,
