 ModelName, Type, PropertyName, TimeBound, Time, Solution, ,
hybridsynchaadl Drone_Double_Integrator/verification/randomized-simulation, randomized-simulation, four-form-inv, 100, Time-Out, Not-Found,
hybridsynchaadl Drone_Double_Integrator/verification/randomized-simulation, randomized-simulation, four-form-inv, 200, 0.448000s, Found,
hybridsynchaadl Drone_Double_Integrator/verification/randomized-simulation, randomized-simulation, four-form-inv, 300, 0.328000s, Found,
hybridsynchaadl Drone_Double_Integrator/verification/randomized-simulation, randomized-simulation, four-form-inv, 400, 0.236000s, Found,
hybridsynchaadl Drone_Double_Integrator/verification/randomized-simulation, randomized-simulation, four-form-inv, 500, 0.248000s, Found,
hybridsynchaadl Drone_Double_Integrator/verification/randomized-simulation, randomized-simulation, four-revu-inv, 100, Time-Out, Not-Found,
hybridsynchaadl Drone_Double_Integrator/verification/randomized-simulation, randomized-simulation, four-revu-inv, 200, 18.408000s, Found,
hybridsynchaadl Drone_Double_Integrator/verification/randomized-simulation, randomized-simulation, four-revu-inv, 300, 0.128000s, Found,
hybridsynchaadl Drone_Double_Integrator/verification/randomized-simulation, randomized-simulation, four-revu-inv, 400, 0.144000s, Found,
hybridsynchaadl Drone_Double_Integrator/verification/randomized-simulation, randomized-simulation, four-revu-inv, 500, 0.136000s, Found,
hybridsynchaadl Drone_Double_Integrator/verification/randomized-simulation, randomized-simulation, three-form-inv, 100, Time-Out, Not-Found,
hybridsynchaadl Drone_Double_Integrator/verification/randomized-simulation, randomized-simulation, three-form-inv, 200, Time-Out, Not-Found,
hybridsynchaadl Drone_Double_Integrator/verification/randomized-simulation, randomized-simulation, three-form-inv, 300, 0.268000s, Found,
hybridsynchaadl Drone_Double_Integrator/verification/randomized-simulation, randomized-simulation, three-form-inv, 400, 1.100000s, Found,
hybridsynchaadl Drone_Double_Integrator/verification/randomized-simulation, randomized-simulation, three-form-inv, 500, 0.412000s, Found,
hybridsynchaadl Drone_Double_Integrator/verification/randomized-simulation, randomized-simulation, three-revu-inv, 100, Time-Out, Not-Found,
hybridsynchaadl Drone_Double_Integrator/verification/randomized-simulation, randomized-simulation, three-revu-inv, 200, 47.280000s, Found,
hybridsynchaadl Drone_Double_Integrator/verification/randomized-simulation, randomized-simulation, three-revu-inv, 300, 0.088000s, Found,
hybridsynchaadl Drone_Double_Integrator/verification/randomized-simulation, randomized-simulation, three-revu-inv, 400, 0.092000s, Found,
hybridsynchaadl Drone_Double_Integrator/verification/randomized-simulation, randomized-simulation, three-revu-inv, 500, 0.092000s, Found,
hybridsynchaadl Drone_Double_Integrator/verification/randomized-simulation, randomized-simulation, two-form-inv, 100, Time-Out, Not-Found,
hybridsynchaadl Drone_Double_Integrator/verification/randomized-simulation, randomized-simulation, two-form-inv, 200, 4.728000s, Found,
hybridsynchaadl Drone_Double_Integrator/verification/randomized-simulation, randomized-simulation, two-form-inv, 300, 0.448000s, Found,
hybridsynchaadl Drone_Double_Integrator/verification/randomized-simulation, randomized-simulation, two-form-inv, 400, 0.668000s, Found,
hybridsynchaadl Drone_Double_Integrator/verification/randomized-simulation, randomized-simulation, two-form-inv, 500, 0.852000s, Found,
hybridsynchaadl Drone_Double_Integrator/verification/randomized-simulation, randomized-simulation, two-revu-inv, 100, Time-Out, Not-Found,
hybridsynchaadl Drone_Double_Integrator/verification/randomized-simulation, randomized-simulation, two-revu-inv, 200, 21.104000s, Found,
hybridsynchaadl Drone_Double_Integrator/verification/randomized-simulation, randomized-simulation, two-revu-inv, 300, 0.168000s, Found,
hybridsynchaadl Drone_Double_Integrator/verification/randomized-simulation, randomized-simulation, two-revu-inv, 400, 0.072000s, Found,
hybridsynchaadl Drone_Double_Integrator/verification/randomized-simulation, randomized-simulation, two-revu-inv, 500, 0.072000s, Found,
hybridsynchaadl Drone_Double_Integrator/verification/symbolic-reachability, symbolic-reachability, four-form-inv, 100, 2.652000s, Not-Found,
hybridsynchaadl Drone_Double_Integrator/verification/symbolic-reachability, symbolic-reachability, four-form-inv, 200, 24.196000s, Found,
hybridsynchaadl Drone_Double_Integrator/verification/symbolic-reachability, symbolic-reachability, four-form-inv, 300, 23.728000s, Found,
hybridsynchaadl Drone_Double_Integrator/verification/symbolic-reachability, symbolic-reachability, four-form-inv, 400, 23.776000s, Found,
hybridsynchaadl Drone_Double_Integrator/verification/symbolic-reachability, symbolic-reachability, four-form-inv, 500, 23.456000s, Found,
hybridsynchaadl Drone_Double_Integrator/verification/symbolic-reachability, symbolic-reachability, four-revu-inv, 100, 1.972000s, Not-Found,
hybridsynchaadl Drone_Double_Integrator/verification/symbolic-reachability, symbolic-reachability, four-revu-inv, 200, 16.676000s, Found,
hybridsynchaadl Drone_Double_Integrator/verification/symbolic-reachability, symbolic-reachability, four-revu-inv, 300, 16.800000s, Found,
hybridsynchaadl Drone_Double_Integrator/verification/symbolic-reachability, symbolic-reachability, four-revu-inv, 400, 16.360000s, Found,
hybridsynchaadl Drone_Double_Integrator/verification/symbolic-reachability, symbolic-reachability, four-revu-inv, 500, 16.308000s, Found,
hybridsynchaadl Drone_Double_Integrator/verification/symbolic-reachability, symbolic-reachability, three-form-inv, 100, 1.964000s, Not-Found,
hybridsynchaadl Drone_Double_Integrator/verification/symbolic-reachability, symbolic-reachability, three-form-inv, 200, 36.208000s, Found,
hybridsynchaadl Drone_Double_Integrator/verification/symbolic-reachability, symbolic-reachability, three-form-inv, 300, 37.184000s, Found,
hybridsynchaadl Drone_Double_Integrator/verification/symbolic-reachability, symbolic-reachability, three-form-inv, 400, 38.040000s, Found,
hybridsynchaadl Drone_Double_Integrator/verification/symbolic-reachability, symbolic-reachability, three-form-inv, 500, 37.308000s, Found,
hybridsynchaadl Drone_Double_Integrator/verification/symbolic-reachability, symbolic-reachability, three-revu-inv, 100, 1.472000s, Not-Found,
hybridsynchaadl Drone_Double_Integrator/verification/symbolic-reachability, symbolic-reachability, three-revu-inv, 200, 12.788000s, Found,
hybridsynchaadl Drone_Double_Integrator/verification/symbolic-reachability, symbolic-reachability, three-revu-inv, 300, 12.952000s, Found,
hybridsynchaadl Drone_Double_Integrator/verification/symbolic-reachability, symbolic-reachability, three-revu-inv, 400, 13.068000s, Found,
hybridsynchaadl Drone_Double_Integrator/verification/symbolic-reachability, symbolic-reachability, three-revu-inv, 500, 13.272000s, Found,
hybridsynchaadl Drone_Double_Integrator/verification/symbolic-reachability, symbolic-reachability, two-form-inv, 100, 1.448000s, Not-Found,
hybridsynchaadl Drone_Double_Integrator/verification/symbolic-reachability, symbolic-reachability, two-form-inv, 200, 40.992000s, Found,
hybridsynchaadl Drone_Double_Integrator/verification/symbolic-reachability, symbolic-reachability, two-form-inv, 300, 40.660000s, Found,
hybridsynchaadl Drone_Double_Integrator/verification/symbolic-reachability, symbolic-reachability, two-form-inv, 400, 43.136000s, Found,
hybridsynchaadl Drone_Double_Integrator/verification/symbolic-reachability, symbolic-reachability, two-form-inv, 500, 43.260000s, Found,
hybridsynchaadl Drone_Double_Integrator/verification/symbolic-reachability, symbolic-reachability, two-revu-inv, 100, 0.960000s, Not-Found,
hybridsynchaadl Drone_Double_Integrator/verification/symbolic-reachability, symbolic-reachability, two-revu-inv, 200, 7.024000s, Found,
hybridsynchaadl Drone_Double_Integrator/verification/symbolic-reachability, symbolic-reachability, two-revu-inv, 300, 7.008000s, Found,
hybridsynchaadl Drone_Double_Integrator/verification/symbolic-reachability, symbolic-reachability, two-revu-inv, 400, 6.792000s, Found,
hybridsynchaadl Drone_Double_Integrator/verification/symbolic-reachability, symbolic-reachability, two-revu-inv, 500, 6.804000s, Found,
hybridsynchaadl Drone_Single_Integrator/verification/randomized-simulation, randomized-simulation, four-form-inv, 100, Time-Out, Not-Found,
hybridsynchaadl Drone_Single_Integrator/verification/randomized-simulation, randomized-simulation, four-form-inv, 200, Time-Out, Not-Found,
hybridsynchaadl Drone_Single_Integrator/verification/randomized-simulation, randomized-simulation, four-form-inv, 300, Time-Out, Not-Found,
hybridsynchaadl Drone_Single_Integrator/verification/randomized-simulation, randomized-simulation, four-form-inv, 400, 15.884000s, Found,
hybridsynchaadl Drone_Single_Integrator/verification/randomized-simulation, randomized-simulation, four-form-inv, 500, 0.636000s, Found,
hybridsynchaadl Drone_Single_Integrator/verification/randomized-simulation, randomized-simulation, four-revu-inv, 100, Time-Out, Not-Found,
hybridsynchaadl Drone_Single_Integrator/verification/randomized-simulation, randomized-simulation, four-revu-inv, 200, Time-Out, Not-Found,
hybridsynchaadl Drone_Single_Integrator/verification/randomized-simulation, randomized-simulation, four-revu-inv, 300, Time-Out, Not-Found,
hybridsynchaadl Drone_Single_Integrator/verification/randomized-simulation, randomized-simulation, four-revu-inv, 400, Time-Out, Not-Found,
hybridsynchaadl Drone_Single_Integrator/verification/randomized-simulation, randomized-simulation, four-revu-inv, 500, 7.820000s, Found,
hybridsynchaadl Drone_Single_Integrator/verification/randomized-simulation, randomized-simulation, three-form-inv, 100, Time-Out, Not-Found,
hybridsynchaadl Drone_Single_Integrator/verification/randomized-simulation, randomized-simulation, three-form-inv, 200, Time-Out, Not-Found,
hybridsynchaadl Drone_Single_Integrator/verification/randomized-simulation, randomized-simulation, three-form-inv, 300, Time-Out, Not-Found,
hybridsynchaadl Drone_Single_Integrator/verification/randomized-simulation, randomized-simulation, three-form-inv, 400, Time-Out, Not-Found,
hybridsynchaadl Drone_Single_Integrator/verification/randomized-simulation, randomized-simulation, three-form-inv, 500, 146.528000s, Found,
hybridsynchaadl Drone_Single_Integrator/verification/randomized-simulation, randomized-simulation, three-revu-inv, 100, Time-Out, Not-Found,
hybridsynchaadl Drone_Single_Integrator/verification/randomized-simulation, randomized-simulation, three-revu-inv, 200, Time-Out, Not-Found,
hybridsynchaadl Drone_Single_Integrator/verification/randomized-simulation, randomized-simulation, three-revu-inv, 300, 261.284000s, Found,
hybridsynchaadl Drone_Single_Integrator/verification/randomized-simulation, randomized-simulation, three-revu-inv, 400, 0.408000s, Found,
hybridsynchaadl Drone_Single_Integrator/verification/randomized-simulation, randomized-simulation, three-revu-inv, 500, 0.200000s, Found,
hybridsynchaadl Drone_Single_Integrator/verification/randomized-simulation, randomized-simulation, two-form-inv, 100, Time-Out, Not-Found,
hybridsynchaadl Drone_Single_Integrator/verification/randomized-simulation, randomized-simulation, two-form-inv, 200, Time-Out, Not-Found,
hybridsynchaadl Drone_Single_Integrator/verification/randomized-simulation, randomized-simulation, two-form-inv, 300, Time-Out, Not-Found,
hybridsynchaadl Drone_Single_Integrator/verification/randomized-simulation, randomized-simulation, two-form-inv, 400, Time-Out, Not-Found,
hybridsynchaadl Drone_Single_Integrator/verification/randomized-simulation, randomized-simulation, two-form-inv, 500, Time-Out, Not-Found,
hybridsynchaadl Drone_Single_Integrator/verification/randomized-simulation, randomized-simulation, two-revu-inv, 100, Time-Out, Not-Found,
hybridsynchaadl Drone_Single_Integrator/verification/randomized-simulation, randomized-simulation, two-revu-inv, 200, Time-Out, Not-Found,
hybridsynchaadl Drone_Single_Integrator/verification/randomized-simulation, randomized-simulation, two-revu-inv, 300, 233.164000s, Found,
hybridsynchaadl Drone_Single_Integrator/verification/randomized-simulation, randomized-simulation, two-revu-inv, 400, 4.632000s, Found,
hybridsynchaadl Drone_Single_Integrator/verification/randomized-simulation, randomized-simulation, two-revu-inv, 500, 0.120000s, Found,
hybridsynchaadl Drone_Single_Integrator/verification/symbolic-reachability, symbolic-reachability, four-form-inv, 100, 1.724000s, Not-Found,
hybridsynchaadl Drone_Single_Integrator/verification/symbolic-reachability, symbolic-reachability, four-form-inv, 200, 6.364000s, Not-Found,
hybridsynchaadl Drone_Single_Integrator/verification/symbolic-reachability, symbolic-reachability, four-form-inv, 300, 83.800000s, Found,
hybridsynchaadl Drone_Single_Integrator/verification/symbolic-reachability, symbolic-reachability, four-form-inv, 400, 86.128000s, Found,
hybridsynchaadl Drone_Single_Integrator/verification/symbolic-reachability, symbolic-reachability, four-form-inv, 500, 90.936000s, Found,
hybridsynchaadl Drone_Single_Integrator/verification/symbolic-reachability, symbolic-reachability, four-revu-inv, 100, 1.356000s, Not-Found,
hybridsynchaadl Drone_Single_Integrator/verification/symbolic-reachability, symbolic-reachability, four-revu-inv, 200, 5.784000s, Not-Found,
hybridsynchaadl Drone_Single_Integrator/verification/symbolic-reachability, symbolic-reachability, four-revu-inv, 300, 17.308000s, Not-Found,
hybridsynchaadl Drone_Single_Integrator/verification/symbolic-reachability, symbolic-reachability, four-revu-inv, 400, 70.368000s, Found,
hybridsynchaadl Drone_Single_Integrator/verification/symbolic-reachability, symbolic-reachability, four-revu-inv, 500, 69.488000s, Found,
hybridsynchaadl Drone_Single_Integrator/verification/symbolic-reachability, symbolic-reachability, three-form-inv, 100, 1.276000s, Not-Found,
hybridsynchaadl Drone_Single_Integrator/verification/symbolic-reachability, symbolic-reachability, three-form-inv, 200, 4.024000s, Not-Found,
hybridsynchaadl Drone_Single_Integrator/verification/symbolic-reachability, symbolic-reachability, three-form-inv, 300, 47.800000s, Found,
hybridsynchaadl Drone_Single_Integrator/verification/symbolic-reachability, symbolic-reachability, three-form-inv, 400, 48.592000s, Found,
hybridsynchaadl Drone_Single_Integrator/verification/symbolic-reachability, symbolic-reachability, three-form-inv, 500, 48.680000s, Found,
hybridsynchaadl Drone_Single_Integrator/verification/symbolic-reachability, symbolic-reachability, three-revu-inv, 100, 0.996000s, Not-Found,
hybridsynchaadl Drone_Single_Integrator/verification/symbolic-reachability, symbolic-reachability, three-revu-inv, 200, 7.744000s, Found,
hybridsynchaadl Drone_Single_Integrator/verification/symbolic-reachability, symbolic-reachability, three-revu-inv, 300, 7.912000s, Found,
hybridsynchaadl Drone_Single_Integrator/verification/symbolic-reachability, symbolic-reachability, three-revu-inv, 400, 7.624000s, Found,
hybridsynchaadl Drone_Single_Integrator/verification/symbolic-reachability, symbolic-reachability, three-revu-inv, 500, 7.592000s, Found,
hybridsynchaadl Drone_Single_Integrator/verification/symbolic-reachability, symbolic-reachability, two-form-inv, 100, 0.988000s, Not-Found,
hybridsynchaadl Drone_Single_Integrator/verification/symbolic-reachability, symbolic-reachability, two-form-inv, 200, 2.544000s, Not-Found,
hybridsynchaadl Drone_Single_Integrator/verification/symbolic-reachability, symbolic-reachability, two-form-inv, 300, 35.152000s, Found,
hybridsynchaadl Drone_Single_Integrator/verification/symbolic-reachability, symbolic-reachability, two-form-inv, 400, 33.376000s, Found,
hybridsynchaadl Drone_Single_Integrator/verification/symbolic-reachability, symbolic-reachability, two-form-inv, 500, 33.356000s, Found,
hybridsynchaadl Drone_Single_Integrator/verification/symbolic-reachability, symbolic-reachability, two-revu-inv, 100, 0.680000s, Not-Found,
hybridsynchaadl Drone_Single_Integrator/verification/symbolic-reachability, symbolic-reachability, two-revu-inv, 200, 1.748000s, Not-Found,
hybridsynchaadl Drone_Single_Integrator/verification/symbolic-reachability, symbolic-reachability, two-revu-inv, 300, 12.368000s, Found,
hybridsynchaadl Drone_Single_Integrator/verification/symbolic-reachability, symbolic-reachability, two-revu-inv, 400, 12.376000s, Found,
hybridsynchaadl Drone_Single_Integrator/verification/symbolic-reachability, symbolic-reachability, two-revu-inv, 500, 11.956000s, Found,
hybridsynchaadl Thermostat/verification/randomized-simulation, randomized-simulation, four-inv, 100, Time-Out, Not-Found,
hybridsynchaadl Thermostat/verification/randomized-simulation, randomized-simulation, four-inv, 200, Time-Out, Not-Found,
hybridsynchaadl Thermostat/verification/randomized-simulation, randomized-simulation, four-inv, 300, Time-Out, Not-Found,
hybridsynchaadl Thermostat/verification/randomized-simulation, randomized-simulation, four-inv, 400, 33.920000s, Found,
hybridsynchaadl Thermostat/verification/randomized-simulation, randomized-simulation, four-inv, 500, 12.480000s, Found,
hybridsynchaadl Thermostat/verification/randomized-simulation, randomized-simulation, three-inv, 100, Time-Out, Not-Found,
hybridsynchaadl Thermostat/verification/randomized-simulation, randomized-simulation, three-inv, 200, Time-Out, Not-Found,
hybridsynchaadl Thermostat/verification/randomized-simulation, randomized-simulation, three-inv, 300, Time-Out, Not-Found,
hybridsynchaadl Thermostat/verification/randomized-simulation, randomized-simulation, three-inv, 400, Time-Out, Not-Found,
hybridsynchaadl Thermostat/verification/randomized-simulation, randomized-simulation, three-inv, 500, Time-Out, Not-Found,
hybridsynchaadl Thermostat/verification/randomized-simulation, randomized-simulation, two-inv, 100, Time-Out, Not-Found,
hybridsynchaadl Thermostat/verification/randomized-simulation, randomized-simulation, two-inv, 200, Time-Out, Not-Found,
hybridsynchaadl Thermostat/verification/randomized-simulation, randomized-simulation, two-inv, 300, Time-Out, Not-Found,
hybridsynchaadl Thermostat/verification/randomized-simulation, randomized-simulation, two-inv, 400, Time-Out, Not-Found,
hybridsynchaadl Thermostat/verification/randomized-simulation, randomized-simulation, two-inv, 500, Time-Out, Not-Found,
hybridsynchaadl Thermostat/verification/symbolic-reachability, symbolic-reachability, four-inv, 100, 0.460000s, Not-Found,
hybridsynchaadl Thermostat/verification/symbolic-reachability, symbolic-reachability, four-inv, 200, 1.108000s, Not-Found,
hybridsynchaadl Thermostat/verification/symbolic-reachability, symbolic-reachability, four-inv, 300, 2.696000s, Not-Found,
hybridsynchaadl Thermostat/verification/symbolic-reachability, symbolic-reachability, four-inv, 400, 15.312000s, Found,
hybridsynchaadl Thermostat/verification/symbolic-reachability, symbolic-reachability, four-inv, 500, 15.340000s, Found,
hybridsynchaadl Thermostat/verification/symbolic-reachability, symbolic-reachability, three-inv, 100, 0.392000s, Not-Found,
hybridsynchaadl Thermostat/verification/symbolic-reachability, symbolic-reachability, three-inv, 200, 0.820000s, Not-Found,
hybridsynchaadl Thermostat/verification/symbolic-reachability, symbolic-reachability, three-inv, 300, 1.712000s, Not-Found,
hybridsynchaadl Thermostat/verification/symbolic-reachability, symbolic-reachability, three-inv, 400, 3.596000s, Not-Found,
hybridsynchaadl Thermostat/verification/symbolic-reachability, symbolic-reachability, three-inv, 500, 18.884000s, Found,
hybridsynchaadl Thermostat/verification/symbolic-reachability, symbolic-reachability, two-inv, 100, 0.324000s, Not-Found,
hybridsynchaadl Thermostat/verification/symbolic-reachability, symbolic-reachability, two-inv, 200, 0.572000s, Not-Found,
hybridsynchaadl Thermostat/verification/symbolic-reachability, symbolic-reachability, two-inv, 300, 1.064000s, Not-Found,
hybridsynchaadl Thermostat/verification/symbolic-reachability, symbolic-reachability, two-inv, 400, 1.864000s, Not-Found,
hybridsynchaadl Thermostat/verification/symbolic-reachability, symbolic-reachability, two-inv, 500, 9.480000s, Found,
hybridsynchaadl WaterTank/verification/randomized-simulation, randomized-simulation, four-inv, 100, Time-Out, Not-Found,
hybridsynchaadl WaterTank/verification/randomized-simulation, randomized-simulation, four-inv, 200, Time-Out, Not-Found,
hybridsynchaadl WaterTank/verification/randomized-simulation, randomized-simulation, four-inv, 300, Time-Out, Not-Found,
hybridsynchaadl WaterTank/verification/randomized-simulation, randomized-simulation, four-inv, 400, Time-Out, Not-Found,
hybridsynchaadl WaterTank/verification/randomized-simulation, randomized-simulation, four-inv, 500, Time-Out, Not-Found,
hybridsynchaadl WaterTank/verification/randomized-simulation, randomized-simulation, three-inv, 100, Time-Out, Not-Found,
hybridsynchaadl WaterTank/verification/randomized-simulation, randomized-simulation, three-inv, 200, Time-Out, Not-Found,
hybridsynchaadl WaterTank/verification/randomized-simulation, randomized-simulation, three-inv, 300, Time-Out, Not-Found,
hybridsynchaadl WaterTank/verification/randomized-simulation, randomized-simulation, three-inv, 400, Time-Out, Found,
hybridsynchaadl WaterTank/verification/randomized-simulation, randomized-simulation, three-inv, 500, 0.172000s, Found,
hybridsynchaadl WaterTank/verification/randomized-simulation, randomized-simulation, two-inv, 100, Time-Out, Not-Found,
hybridsynchaadl WaterTank/verification/randomized-simulation, randomized-simulation, two-inv, 200, Time-Out, Not-Found,
hybridsynchaadl WaterTank/verification/randomized-simulation, randomized-simulation, two-inv, 300, Time-Out, Not-Found,
hybridsynchaadl WaterTank/verification/randomized-simulation, randomized-simulation, two-inv, 400, Time-Out, Not-Found,
hybridsynchaadl WaterTank/verification/randomized-simulation, randomized-simulation, two-inv, 500, Time-Out, Not-Found,
hybridsynchaadl WaterTank/verification/symbolic-reachability, symbolic-reachability, four-inv, 100, 0.480000s, Not-Found,
hybridsynchaadl WaterTank/verification/symbolic-reachability, symbolic-reachability, four-inv, 200, 0.884000s, Not-Found,
hybridsynchaadl WaterTank/verification/symbolic-reachability, symbolic-reachability, four-inv, 300, 1.684000s, Not-Found,
hybridsynchaadl WaterTank/verification/symbolic-reachability, symbolic-reachability, four-inv, 400, 2.876000s, Not-Found,
hybridsynchaadl WaterTank/verification/symbolic-reachability, symbolic-reachability, four-inv, 500, 14.992000s, Found,
hybridsynchaadl WaterTank/verification/symbolic-reachability, symbolic-reachability, three-inv, 100, 0.396000s, Not-Found,
hybridsynchaadl WaterTank/verification/symbolic-reachability, symbolic-reachability, three-inv, 200, 0.672000s, Not-Found,
hybridsynchaadl WaterTank/verification/symbolic-reachability, symbolic-reachability, three-inv, 300, 3.228000s, Found,
hybridsynchaadl WaterTank/verification/symbolic-reachability, symbolic-reachability, three-inv, 400, 3.216000s, Found,
hybridsynchaadl WaterTank/verification/symbolic-reachability, symbolic-reachability, three-inv, 500, 3.200000s, Found,
hybridsynchaadl WaterTank/verification/symbolic-reachability, symbolic-reachability, two-inv, 100, 0.320000s, Not-Found,
hybridsynchaadl WaterTank/verification/symbolic-reachability, symbolic-reachability, two-inv, 200, 0.500000s, Not-Found,
hybridsynchaadl WaterTank/verification/symbolic-reachability, symbolic-reachability, two-inv, 300, 0.704000s, Not-Found,
hybridsynchaadl WaterTank/verification/symbolic-reachability, symbolic-reachability, two-inv, 400, 1.032000s, Not-Found,
hybridsynchaadl WaterTank/verification/symbolic-reachability, symbolic-reachability, two-inv, 500, 4.444000s, Found,
