 ModelName, Type, PropertyName, TimeBound, Time, Solution, ,
hybridsynchaadl Drone_Double_Integrator/verification/randomized-simulation, randomized-simulation, four-form-inv, 100, Time-Out, Not-Found,
hybridsynchaadl Drone_Double_Integrator/verification/randomized-simulation, randomized-simulation, four-form-inv, 200, 0.292000s, Found,
hybridsynchaadl Drone_Double_Integrator/verification/randomized-simulation, randomized-simulation, four-form-inv, 300, 0.188000s, Found,
hybridsynchaadl Drone_Double_Integrator/verification/randomized-simulation, randomized-simulation, four-form-inv, 400, 0.188000s, Found,
hybridsynchaadl Drone_Double_Integrator/verification/randomized-simulation, randomized-simulation, four-form-inv, 500, 0.188000s, Found,
hybridsynchaadl Drone_Double_Integrator/verification/randomized-simulation, randomized-simulation, four-revu-inv, 100, Time-Out, Not-Found,
hybridsynchaadl Drone_Double_Integrator/verification/randomized-simulation, randomized-simulation, four-revu-inv, 200, 3.016000s, Found,
hybridsynchaadl Drone_Double_Integrator/verification/randomized-simulation, randomized-simulation, four-revu-inv, 300, 0.284000s, Found,
hybridsynchaadl Drone_Double_Integrator/verification/randomized-simulation, randomized-simulation, four-revu-inv, 400, 0.172000s, Found,
hybridsynchaadl Drone_Double_Integrator/verification/randomized-simulation, randomized-simulation, four-revu-inv, 500, 0.168000s, Found,
hybridsynchaadl Drone_Double_Integrator/verification/randomized-simulation, randomized-simulation, three-form-inv, 100, Time-Out, Not-Found,
hybridsynchaadl Drone_Double_Integrator/verification/randomized-simulation, randomized-simulation, three-form-inv, 200, Time-Out, Not-Found,
hybridsynchaadl Drone_Double_Integrator/verification/randomized-simulation, randomized-simulation, three-form-inv, 300, 0.724000s, Found,
hybridsynchaadl Drone_Double_Integrator/verification/randomized-simulation, randomized-simulation, three-form-inv, 400, 0.164000s, Found,
hybridsynchaadl Drone_Double_Integrator/verification/randomized-simulation, randomized-simulation, three-form-inv, 500, 0.168000s, Found,
hybridsynchaadl Drone_Double_Integrator/verification/randomized-simulation, randomized-simulation, three-revu-inv, 100, Time-Out, Not-Found,
hybridsynchaadl Drone_Double_Integrator/verification/randomized-simulation, randomized-simulation, three-revu-inv, 200, 4.684000s, Found,
hybridsynchaadl Drone_Double_Integrator/verification/randomized-simulation, randomized-simulation, three-revu-inv, 300, 0.596000s, Found,
hybridsynchaadl Drone_Double_Integrator/verification/randomized-simulation, randomized-simulation, three-revu-inv, 400, 0.116000s, Found,
hybridsynchaadl Drone_Double_Integrator/verification/randomized-simulation, randomized-simulation, three-revu-inv, 500, 0.120000s, Found,
hybridsynchaadl Drone_Double_Integrator/verification/randomized-simulation, randomized-simulation, two-form-inv, 100, Time-Out, Not-Found,
hybridsynchaadl Drone_Double_Integrator/verification/randomized-simulation, randomized-simulation, two-form-inv, 200, 0.208000s, Found,
hybridsynchaadl Drone_Double_Integrator/verification/randomized-simulation, randomized-simulation, two-form-inv, 300, 0.352000s, Found,
hybridsynchaadl Drone_Double_Integrator/verification/randomized-simulation, randomized-simulation, two-form-inv, 400, 0.440000s, Found,
hybridsynchaadl Drone_Double_Integrator/verification/randomized-simulation, randomized-simulation, two-form-inv, 500, 0.196000s, Found,
hybridsynchaadl Drone_Double_Integrator/verification/randomized-simulation, randomized-simulation, two-revu-inv, 100, Time-Out, Not-Found,
hybridsynchaadl Drone_Double_Integrator/verification/randomized-simulation, randomized-simulation, two-revu-inv, 200, 17.148000s, Found,
hybridsynchaadl Drone_Double_Integrator/verification/randomized-simulation, randomized-simulation, two-revu-inv, 300, 0.116000s, Found,
hybridsynchaadl Drone_Double_Integrator/verification/randomized-simulation, randomized-simulation, two-revu-inv, 400, 0.072000s, Found,
hybridsynchaadl Drone_Double_Integrator/verification/randomized-simulation, randomized-simulation, two-revu-inv, 500, 0.068000s, Found,
hybridsynchaadl Drone_Double_Integrator/verification/symbolic-reachability, symbolic-reachability, four-form-inv, 100, 2.816000s, Not-Found,
hybridsynchaadl Drone_Double_Integrator/verification/symbolic-reachability, symbolic-reachability, four-form-inv, 200, 23.540000s, Found,
hybridsynchaadl Drone_Double_Integrator/verification/symbolic-reachability, symbolic-reachability, four-form-inv, 300, 23.748000s, Found,
hybridsynchaadl Drone_Double_Integrator/verification/symbolic-reachability, symbolic-reachability, four-form-inv, 400, 23.840000s, Found,
hybridsynchaadl Drone_Double_Integrator/verification/symbolic-reachability, symbolic-reachability, four-form-inv, 500, 23.820000s, Found,
hybridsynchaadl Drone_Double_Integrator/verification/symbolic-reachability, symbolic-reachability, four-revu-inv, 100, 1.960000s, Not-Found,
hybridsynchaadl Drone_Double_Integrator/verification/symbolic-reachability, symbolic-reachability, four-revu-inv, 200, 16.332000s, Found,
hybridsynchaadl Drone_Double_Integrator/verification/symbolic-reachability, symbolic-reachability, four-revu-inv, 300, 16.432000s, Found,
hybridsynchaadl Drone_Double_Integrator/verification/symbolic-reachability, symbolic-reachability, four-revu-inv, 400, 16.268000s, Found,
hybridsynchaadl Drone_Double_Integrator/verification/symbolic-reachability, symbolic-reachability, four-revu-inv, 500, 16.308000s, Found,
hybridsynchaadl Drone_Double_Integrator/verification/symbolic-reachability, symbolic-reachability, three-form-inv, 100, 2.032000s, Not-Found,
hybridsynchaadl Drone_Double_Integrator/verification/symbolic-reachability, symbolic-reachability, three-form-inv, 200, 36.832000s, Found,
hybridsynchaadl Drone_Double_Integrator/verification/symbolic-reachability, symbolic-reachability, three-form-inv, 300, 37.180000s, Found,
hybridsynchaadl Drone_Double_Integrator/verification/symbolic-reachability, symbolic-reachability, three-form-inv, 400, 36.644000s, Found,
hybridsynchaadl Drone_Double_Integrator/verification/symbolic-reachability, symbolic-reachability, three-form-inv, 500, 37.224000s, Found,
hybridsynchaadl Drone_Double_Integrator/verification/symbolic-reachability, symbolic-reachability, three-revu-inv, 100, 1.516000s, Not-Found,
hybridsynchaadl Drone_Double_Integrator/verification/symbolic-reachability, symbolic-reachability, three-revu-inv, 200, 12.828000s, Found,
hybridsynchaadl Drone_Double_Integrator/verification/symbolic-reachability, symbolic-reachability, three-revu-inv, 300, 12.628000s, Found,
hybridsynchaadl Drone_Double_Integrator/verification/symbolic-reachability, symbolic-reachability, three-revu-inv, 400, 12.916000s, Found,
hybridsynchaadl Drone_Double_Integrator/verification/symbolic-reachability, symbolic-reachability, three-revu-inv, 500, 13.164000s, Found,
hybridsynchaadl Drone_Double_Integrator/verification/symbolic-reachability, symbolic-reachability, two-form-inv, 100, 1.496000s, Not-Found,
hybridsynchaadl Drone_Double_Integrator/verification/symbolic-reachability, symbolic-reachability, two-form-inv, 200, 40.164000s, Found,
hybridsynchaadl Drone_Double_Integrator/verification/symbolic-reachability, symbolic-reachability, two-form-inv, 300, 40.512000s, Found,
hybridsynchaadl Drone_Double_Integrator/verification/symbolic-reachability, symbolic-reachability, two-form-inv, 400, 41.312000s, Found,
hybridsynchaadl Drone_Double_Integrator/verification/symbolic-reachability, symbolic-reachability, two-form-inv, 500, 40.340000s, Found,
hybridsynchaadl Drone_Double_Integrator/verification/symbolic-reachability, symbolic-reachability, two-revu-inv, 100, 0.988000s, Not-Found,
hybridsynchaadl Drone_Double_Integrator/verification/symbolic-reachability, symbolic-reachability, two-revu-inv, 200, 6.748000s, Found,
hybridsynchaadl Drone_Double_Integrator/verification/symbolic-reachability, symbolic-reachability, two-revu-inv, 300, 6.800000s, Found,
hybridsynchaadl Drone_Double_Integrator/verification/symbolic-reachability, symbolic-reachability, two-revu-inv, 400, 6.904000s, Found,
hybridsynchaadl Drone_Double_Integrator/verification/symbolic-reachability, symbolic-reachability, two-revu-inv, 500, 6.716000s, Found,
hybridsynchaadl Drone_Single_Integrator/verification/randomized-simulation, randomized-simulation, four-form-inv, 100, Time-Out, Not-Found,
hybridsynchaadl Drone_Single_Integrator/verification/randomized-simulation, randomized-simulation, four-form-inv, 200, Time-Out, Not-Found,
hybridsynchaadl Drone_Single_Integrator/verification/randomized-simulation, randomized-simulation, four-form-inv, 300, Time-Out, Not-Found,
hybridsynchaadl Drone_Single_Integrator/verification/randomized-simulation, randomized-simulation, four-form-inv, 400, 1.360000s, Found,
hybridsynchaadl Drone_Single_Integrator/verification/randomized-simulation, randomized-simulation, four-form-inv, 500, 0.200000s, Found,
hybridsynchaadl Drone_Single_Integrator/verification/randomized-simulation, randomized-simulation, four-revu-inv, 100, Time-Out, Not-Found,
hybridsynchaadl Drone_Single_Integrator/verification/randomized-simulation, randomized-simulation, four-revu-inv, 200, Time-Out, Not-Found,
hybridsynchaadl Drone_Single_Integrator/verification/randomized-simulation, randomized-simulation, four-revu-inv, 300, Time-Out, Not-Found,
hybridsynchaadl Drone_Single_Integrator/verification/randomized-simulation, randomized-simulation, four-revu-inv, 400, Time-Out, Not-Found,
hybridsynchaadl Drone_Single_Integrator/verification/randomized-simulation, randomized-simulation, four-revu-inv, 500, 82.712000s, Found,
hybridsynchaadl Drone_Single_Integrator/verification/randomized-simulation, randomized-simulation, three-form-inv, 100, Time-Out, Not-Found,
hybridsynchaadl Drone_Single_Integrator/verification/randomized-simulation, randomized-simulation, three-form-inv, 200, Time-Out, Not-Found,
hybridsynchaadl Drone_Single_Integrator/verification/randomized-simulation, randomized-simulation, three-form-inv, 300, Time-Out, Not-Found,
hybridsynchaadl Drone_Single_Integrator/verification/randomized-simulation, randomized-simulation, three-form-inv, 400, Time-Out, Not-Found,
hybridsynchaadl Drone_Single_Integrator/verification/randomized-simulation, randomized-simulation, three-form-inv, 500, 222.240000s, Found,
hybridsynchaadl Drone_Single_Integrator/verification/randomized-simulation, randomized-simulation, three-revu-inv, 100, Time-Out, Not-Found,
hybridsynchaadl Drone_Single_Integrator/verification/randomized-simulation, randomized-simulation, three-revu-inv, 200, Time-Out, Not-Found,
hybridsynchaadl Drone_Single_Integrator/verification/randomized-simulation, randomized-simulation, three-revu-inv, 300, 56.836000s, Found,
hybridsynchaadl Drone_Single_Integrator/verification/randomized-simulation, randomized-simulation, three-revu-inv, 400, 4.684000s, Found,
hybridsynchaadl Drone_Single_Integrator/verification/randomized-simulation, randomized-simulation, three-revu-inv, 500, 0.516000s, Found,
hybridsynchaadl Drone_Single_Integrator/verification/randomized-simulation, randomized-simulation, two-form-inv, 100, Time-Out, Not-Found,
hybridsynchaadl Drone_Single_Integrator/verification/randomized-simulation, randomized-simulation, two-form-inv, 200, Time-Out, Not-Found,
hybridsynchaadl Drone_Single_Integrator/verification/randomized-simulation, randomized-simulation, two-form-inv, 300, Time-Out, Not-Found,
hybridsynchaadl Drone_Single_Integrator/verification/randomized-simulation, randomized-simulation, two-form-inv, 400, Time-Out, Not-Found,
hybridsynchaadl Drone_Single_Integrator/verification/randomized-simulation, randomized-simulation, two-form-inv, 500, Time-Out, Not-Found,
hybridsynchaadl Drone_Single_Integrator/verification/randomized-simulation, randomized-simulation, two-revu-inv, 100, Time-Out, Not-Found,
hybridsynchaadl Drone_Single_Integrator/verification/randomized-simulation, randomized-simulation, two-revu-inv, 200, Time-Out, Not-Found,
hybridsynchaadl Drone_Single_Integrator/verification/randomized-simulation, randomized-simulation, two-revu-inv, 300, Time-Out, Not-Found,
hybridsynchaadl Drone_Single_Integrator/verification/randomized-simulation, randomized-simulation, two-revu-inv, 400, 3.200000s, Found,
hybridsynchaadl Drone_Single_Integrator/verification/randomized-simulation, randomized-simulation, two-revu-inv, 500, 0.492000s, Found,
hybridsynchaadl Drone_Single_Integrator/verification/symbolic-reachability, symbolic-reachability, four-form-inv, 100, 1.684000s, Not-Found,
hybridsynchaadl Drone_Single_Integrator/verification/symbolic-reachability, symbolic-reachability, four-form-inv, 200, 6.232000s, Not-Found,
hybridsynchaadl Drone_Single_Integrator/verification/symbolic-reachability, symbolic-reachability, four-form-inv, 300, 85.312000s, Found,
hybridsynchaadl Drone_Single_Integrator/verification/symbolic-reachability, symbolic-reachability, four-form-inv, 400, 85.272000s, Found,
hybridsynchaadl Drone_Single_Integrator/verification/symbolic-reachability, symbolic-reachability, four-form-inv, 500, 89.240000s, Found,
hybridsynchaadl Drone_Single_Integrator/verification/symbolic-reachability, symbolic-reachability, four-revu-inv, 100, 1.376000s, Not-Found,
hybridsynchaadl Drone_Single_Integrator/verification/symbolic-reachability, symbolic-reachability, four-revu-inv, 200, 5.356000s, Not-Found,
hybridsynchaadl Drone_Single_Integrator/verification/symbolic-reachability, symbolic-reachability, four-revu-inv, 300, 17.076000s, Not-Found,
hybridsynchaadl Drone_Single_Integrator/verification/symbolic-reachability, symbolic-reachability, four-revu-inv, 400, 68.088000s, Found,
hybridsynchaadl Drone_Single_Integrator/verification/symbolic-reachability, symbolic-reachability, four-revu-inv, 500, 66.772000s, Found,
hybridsynchaadl Drone_Single_Integrator/verification/symbolic-reachability, symbolic-reachability, three-form-inv, 100, 1.340000s, Not-Found,
hybridsynchaadl Drone_Single_Integrator/verification/symbolic-reachability, symbolic-reachability, three-form-inv, 200, 3.996000s, Not-Found,
hybridsynchaadl Drone_Single_Integrator/verification/symbolic-reachability, symbolic-reachability, three-form-inv, 300, 45.356000s, Found,
hybridsynchaadl Drone_Single_Integrator/verification/symbolic-reachability, symbolic-reachability, three-form-inv, 400, 46.804000s, Found,
hybridsynchaadl Drone_Single_Integrator/verification/symbolic-reachability, symbolic-reachability, three-form-inv, 500, 46.436000s, Found,
hybridsynchaadl Drone_Single_Integrator/verification/symbolic-reachability, symbolic-reachability, three-revu-inv, 100, 1.008000s, Not-Found,
hybridsynchaadl Drone_Single_Integrator/verification/symbolic-reachability, symbolic-reachability, three-revu-inv, 200, 7.568000s, Found,
hybridsynchaadl Drone_Single_Integrator/verification/symbolic-reachability, symbolic-reachability, three-revu-inv, 300, 7.496000s, Found,
hybridsynchaadl Drone_Single_Integrator/verification/symbolic-reachability, symbolic-reachability, three-revu-inv, 400, 7.408000s, Found,
hybridsynchaadl Drone_Single_Integrator/verification/symbolic-reachability, symbolic-reachability, three-revu-inv, 500, 7.932000s, Found,
hybridsynchaadl Drone_Single_Integrator/verification/symbolic-reachability, symbolic-reachability, two-form-inv, 100, 0.932000s, Not-Found,
hybridsynchaadl Drone_Single_Integrator/verification/symbolic-reachability, symbolic-reachability, two-form-inv, 200, 2.564000s, Not-Found,
hybridsynchaadl Drone_Single_Integrator/verification/symbolic-reachability, symbolic-reachability, two-form-inv, 300, 32.660000s, Found,
hybridsynchaadl Drone_Single_Integrator/verification/symbolic-reachability, symbolic-reachability, two-form-inv, 400, 33.624000s, Found,
hybridsynchaadl Drone_Single_Integrator/verification/symbolic-reachability, symbolic-reachability, two-form-inv, 500, 33.720000s, Found,
hybridsynchaadl Drone_Single_Integrator/verification/symbolic-reachability, symbolic-reachability, two-revu-inv, 100, 0.708000s, Not-Found,
hybridsynchaadl Drone_Single_Integrator/verification/symbolic-reachability, symbolic-reachability, two-revu-inv, 200, 1.812000s, Not-Found,
hybridsynchaadl Drone_Single_Integrator/verification/symbolic-reachability, symbolic-reachability, two-revu-inv, 300, 12.192000s, Found,
hybridsynchaadl Drone_Single_Integrator/verification/symbolic-reachability, symbolic-reachability, two-revu-inv, 400, 11.976000s, Found,
hybridsynchaadl Drone_Single_Integrator/verification/symbolic-reachability, symbolic-reachability, two-revu-inv, 500, 12.504000s, Found,
hybridsynchaadl Thermostat/verification/randomized-simulation, randomized-simulation, four-inv, 100, Time-Out, Not-Found,
hybridsynchaadl Thermostat/verification/randomized-simulation, randomized-simulation, four-inv, 200, Time-Out, Not-Found,
hybridsynchaadl Thermostat/verification/randomized-simulation, randomized-simulation, four-inv, 300, Time-Out, Not-Found,
hybridsynchaadl Thermostat/verification/randomized-simulation, randomized-simulation, four-inv, 400, 5.396000s, Found,
hybridsynchaadl Thermostat/verification/randomized-simulation, randomized-simulation, four-inv, 500, 26.140000s, Found,
hybridsynchaadl Thermostat/verification/randomized-simulation, randomized-simulation, three-inv, 100, Time-Out, Not-Found,
hybridsynchaadl Thermostat/verification/randomized-simulation, randomized-simulation, three-inv, 200, Time-Out, Not-Found,
hybridsynchaadl Thermostat/verification/randomized-simulation, randomized-simulation, three-inv, 300, Time-Out, Not-Found,
hybridsynchaadl Thermostat/verification/randomized-simulation, randomized-simulation, three-inv, 400, Time-Out, Not-Found,
hybridsynchaadl Thermostat/verification/randomized-simulation, randomized-simulation, three-inv, 500, Time-Out, Not-Found,
hybridsynchaadl Thermostat/verification/randomized-simulation, randomized-simulation, two-inv, 100, Time-Out, Not-Found,
hybridsynchaadl Thermostat/verification/randomized-simulation, randomized-simulation, two-inv, 200, Time-Out, Not-Found,
hybridsynchaadl Thermostat/verification/randomized-simulation, randomized-simulation, two-inv, 300, Time-Out, Not-Found,
hybridsynchaadl Thermostat/verification/randomized-simulation, randomized-simulation, two-inv, 400, Time-Out, Not-Found,
hybridsynchaadl Thermostat/verification/randomized-simulation, randomized-simulation, two-inv, 500, Time-Out, Not-Found,
hybridsynchaadl Thermostat/verification/symbolic-reachability, symbolic-reachability, four-inv, 100, 0.452000s, Not-Found,
hybridsynchaadl Thermostat/verification/symbolic-reachability, symbolic-reachability, four-inv, 200, 1.136000s, Not-Found,
hybridsynchaadl Thermostat/verification/symbolic-reachability, symbolic-reachability, four-inv, 300, 2.672000s, Not-Found,
hybridsynchaadl Thermostat/verification/symbolic-reachability, symbolic-reachability, four-inv, 400, 15.196000s, Found,
hybridsynchaadl Thermostat/verification/symbolic-reachability, symbolic-reachability, four-inv, 500, 15.192000s, Found,
hybridsynchaadl Thermostat/verification/symbolic-reachability, symbolic-reachability, three-inv, 100, 0.384000s, Not-Found,
hybridsynchaadl Thermostat/verification/symbolic-reachability, symbolic-reachability, three-inv, 200, 0.816000s, Not-Found,
hybridsynchaadl Thermostat/verification/symbolic-reachability, symbolic-reachability, three-inv, 300, 1.660000s, Not-Found,
hybridsynchaadl Thermostat/verification/symbolic-reachability, symbolic-reachability, three-inv, 400, 3.616000s, Not-Found,
hybridsynchaadl Thermostat/verification/symbolic-reachability, symbolic-reachability, three-inv, 500, 18.740000s, Found,
hybridsynchaadl Thermostat/verification/symbolic-reachability, symbolic-reachability, two-inv, 100, 0.320000s, Not-Found,
hybridsynchaadl Thermostat/verification/symbolic-reachability, symbolic-reachability, two-inv, 200, 0.584000s, Not-Found,
hybridsynchaadl Thermostat/verification/symbolic-reachability, symbolic-reachability, two-inv, 300, 1.100000s, Not-Found,
hybridsynchaadl Thermostat/verification/symbolic-reachability, symbolic-reachability, two-inv, 400, 1.808000s, Not-Found,
hybridsynchaadl Thermostat/verification/symbolic-reachability, symbolic-reachability, two-inv, 500, 9.356000s, Found,
hybridsynchaadl WaterTank/verification/randomized-simulation, randomized-simulation, four-inv, 100, Time-Out, Not-Found,
hybridsynchaadl WaterTank/verification/randomized-simulation, randomized-simulation, four-inv, 200, Time-Out, Not-Found,
hybridsynchaadl WaterTank/verification/randomized-simulation, randomized-simulation, four-inv, 300, Time-Out, Not-Found,
hybridsynchaadl WaterTank/verification/randomized-simulation, randomized-simulation, four-inv, 400, Time-Out, Not-Found,
hybridsynchaadl WaterTank/verification/randomized-simulation, randomized-simulation, four-inv, 500, Time-Out, Not-Found,
hybridsynchaadl WaterTank/verification/randomized-simulation, randomized-simulation, three-inv, 100, Time-Out, Not-Found,
hybridsynchaadl WaterTank/verification/randomized-simulation, randomized-simulation, three-inv, 200, Time-Out, Not-Found,
hybridsynchaadl WaterTank/verification/randomized-simulation, randomized-simulation, three-inv, 300, Time-Out, Not-Found,
hybridsynchaadl WaterTank/verification/randomized-simulation, randomized-simulation, three-inv, 400, Time-Out, Found,
hybridsynchaadl WaterTank/verification/randomized-simulation, randomized-simulation, three-inv, 500, 0.284000s, Found,
hybridsynchaadl WaterTank/verification/randomized-simulation, randomized-simulation, two-inv, 100, Time-Out, Not-Found,
hybridsynchaadl WaterTank/verification/randomized-simulation, randomized-simulation, two-inv, 200, Time-Out, Not-Found,
hybridsynchaadl WaterTank/verification/randomized-simulation, randomized-simulation, two-inv, 300, Time-Out, Not-Found,
hybridsynchaadl WaterTank/verification/randomized-simulation, randomized-simulation, two-inv, 400, Time-Out, Not-Found,
hybridsynchaadl WaterTank/verification/randomized-simulation, randomized-simulation, two-inv, 500, Time-Out, Not-Found,
hybridsynchaadl WaterTank/verification/symbolic-reachability, symbolic-reachability, four-inv, 100, 0.464000s, Not-Found,
hybridsynchaadl WaterTank/verification/symbolic-reachability, symbolic-reachability, four-inv, 200, 0.904000s, Not-Found,
hybridsynchaadl WaterTank/verification/symbolic-reachability, symbolic-reachability, four-inv, 300, 1.620000s, Not-Found,
hybridsynchaadl WaterTank/verification/symbolic-reachability, symbolic-reachability, four-inv, 400, 2.788000s, Not-Found,
hybridsynchaadl WaterTank/verification/symbolic-reachability, symbolic-reachability, four-inv, 500, 14.776000s, Found,
hybridsynchaadl WaterTank/verification/symbolic-reachability, symbolic-reachability, three-inv, 100, 0.396000s, Not-Found,
hybridsynchaadl WaterTank/verification/symbolic-reachability, symbolic-reachability, three-inv, 200, 0.656000s, Not-Found,
hybridsynchaadl WaterTank/verification/symbolic-reachability, symbolic-reachability, three-inv, 300, 3.168000s, Found,
hybridsynchaadl WaterTank/verification/symbolic-reachability, symbolic-reachability, three-inv, 400, 3.168000s, Found,
hybridsynchaadl WaterTank/verification/symbolic-reachability, symbolic-reachability, three-inv, 500, 3.204000s, Found,
hybridsynchaadl WaterTank/verification/symbolic-reachability, symbolic-reachability, two-inv, 100, 0.316000s, Not-Found,
hybridsynchaadl WaterTank/verification/symbolic-reachability, symbolic-reachability, two-inv, 200, 0.456000s, Not-Found,
hybridsynchaadl WaterTank/verification/symbolic-reachability, symbolic-reachability, two-inv, 300, 0.684000s, Not-Found,
hybridsynchaadl WaterTank/verification/symbolic-reachability, symbolic-reachability, two-inv, 400, 1.016000s, Not-Found,
hybridsynchaadl WaterTank/verification/symbolic-reachability, symbolic-reachability, two-inv, 500, 4.360000s, Found,
