 ModelName, Type, PropertyName, TimeBound, Time, Solution, ,
hybridsynchaadl Drone_Double_Integrator/verification/randomized-simulation, randomized-simulation, four-form-inv, 100, Time-Out, Not-Found,
hybridsynchaadl Drone_Double_Integrator/verification/randomized-simulation, randomized-simulation, four-form-inv, 200, 0.444000s, Found,
hybridsynchaadl Drone_Double_Integrator/verification/randomized-simulation, randomized-simulation, four-form-inv, 300, 0.184000s, Found,
hybridsynchaadl Drone_Double_Integrator/verification/randomized-simulation, randomized-simulation, four-form-inv, 400, 0.184000s, Found,
hybridsynchaadl Drone_Double_Integrator/verification/randomized-simulation, randomized-simulation, four-form-inv, 500, 0.192000s, Found,
hybridsynchaadl Drone_Double_Integrator/verification/randomized-simulation, randomized-simulation, four-revu-inv, 100, Time-Out, Not-Found,
hybridsynchaadl Drone_Double_Integrator/verification/randomized-simulation, randomized-simulation, four-revu-inv, 200, 64.112000s, Found,
hybridsynchaadl Drone_Double_Integrator/verification/randomized-simulation, randomized-simulation, four-revu-inv, 300, 0.132000s, Found,
hybridsynchaadl Drone_Double_Integrator/verification/randomized-simulation, randomized-simulation, four-revu-inv, 400, 0.128000s, Found,
hybridsynchaadl Drone_Double_Integrator/verification/randomized-simulation, randomized-simulation, four-revu-inv, 500, 0.132000s, Found,
hybridsynchaadl Drone_Double_Integrator/verification/randomized-simulation, randomized-simulation, three-form-inv, 100, Time-Out, Not-Found,
hybridsynchaadl Drone_Double_Integrator/verification/randomized-simulation, randomized-simulation, three-form-inv, 200, Time-Out, Not-Found,
hybridsynchaadl Drone_Double_Integrator/verification/randomized-simulation, randomized-simulation, three-form-inv, 300, 0.408000s, Found,
hybridsynchaadl Drone_Double_Integrator/verification/randomized-simulation, randomized-simulation, three-form-inv, 400, 0.528000s, Found,
hybridsynchaadl Drone_Double_Integrator/verification/randomized-simulation, randomized-simulation, three-form-inv, 500, 0.400000s, Found,
hybridsynchaadl Drone_Double_Integrator/verification/randomized-simulation, randomized-simulation, three-revu-inv, 100, Time-Out, Not-Found,
hybridsynchaadl Drone_Double_Integrator/verification/randomized-simulation, randomized-simulation, three-revu-inv, 200, 4.860000s, Found,
hybridsynchaadl Drone_Double_Integrator/verification/randomized-simulation, randomized-simulation, three-revu-inv, 300, 0.092000s, Found,
hybridsynchaadl Drone_Double_Integrator/verification/randomized-simulation, randomized-simulation, three-revu-inv, 400, 0.092000s, Found,
hybridsynchaadl Drone_Double_Integrator/verification/randomized-simulation, randomized-simulation, three-revu-inv, 500, 0.092000s, Found,
hybridsynchaadl Drone_Double_Integrator/verification/randomized-simulation, randomized-simulation, two-form-inv, 100, Time-Out, Not-Found,
hybridsynchaadl Drone_Double_Integrator/verification/randomized-simulation, randomized-simulation, two-form-inv, 200, 7.096000s, Found,
hybridsynchaadl Drone_Double_Integrator/verification/randomized-simulation, randomized-simulation, two-form-inv, 300, 0.264000s, Found,
hybridsynchaadl Drone_Double_Integrator/verification/randomized-simulation, randomized-simulation, two-form-inv, 400, 0.228000s, Found,
hybridsynchaadl Drone_Double_Integrator/verification/randomized-simulation, randomized-simulation, two-form-inv, 500, 0.796000s, Found,
hybridsynchaadl Drone_Double_Integrator/verification/randomized-simulation, randomized-simulation, two-revu-inv, 100, Time-Out, Not-Found,
hybridsynchaadl Drone_Double_Integrator/verification/randomized-simulation, randomized-simulation, two-revu-inv, 200, 187.836000s, Found,
hybridsynchaadl Drone_Double_Integrator/verification/randomized-simulation, randomized-simulation, two-revu-inv, 300, 0.220000s, Found,
hybridsynchaadl Drone_Double_Integrator/verification/randomized-simulation, randomized-simulation, two-revu-inv, 400, 0.068000s, Found,
hybridsynchaadl Drone_Double_Integrator/verification/randomized-simulation, randomized-simulation, two-revu-inv, 500, 0.068000s, Found,
hybridsynchaadl Drone_Double_Integrator/verification/symbolic-reachability, symbolic-reachability, four-form-inv, 100, 2.760000s, Not-Found,
hybridsynchaadl Drone_Double_Integrator/verification/symbolic-reachability, symbolic-reachability, four-form-inv, 200, 23.892000s, Found,
hybridsynchaadl Drone_Double_Integrator/verification/symbolic-reachability, symbolic-reachability, four-form-inv, 300, 23.256000s, Found,
hybridsynchaadl Drone_Double_Integrator/verification/symbolic-reachability, symbolic-reachability, four-form-inv, 400, 24.220000s, Found,
hybridsynchaadl Drone_Double_Integrator/verification/symbolic-reachability, symbolic-reachability, four-form-inv, 500, 23.384000s, Found,
hybridsynchaadl Drone_Double_Integrator/verification/symbolic-reachability, symbolic-reachability, four-revu-inv, 100, 1.960000s, Not-Found,
hybridsynchaadl Drone_Double_Integrator/verification/symbolic-reachability, symbolic-reachability, four-revu-inv, 200, 16.356000s, Found,
hybridsynchaadl Drone_Double_Integrator/verification/symbolic-reachability, symbolic-reachability, four-revu-inv, 300, 16.612000s, Found,
hybridsynchaadl Drone_Double_Integrator/verification/symbolic-reachability, symbolic-reachability, four-revu-inv, 400, 16.464000s, Found,
hybridsynchaadl Drone_Double_Integrator/verification/symbolic-reachability, symbolic-reachability, four-revu-inv, 500, 16.320000s, Found,
hybridsynchaadl Drone_Double_Integrator/verification/symbolic-reachability, symbolic-reachability, three-form-inv, 100, 1.940000s, Not-Found,
hybridsynchaadl Drone_Double_Integrator/verification/symbolic-reachability, symbolic-reachability, three-form-inv, 200, 38.604000s, Found,
hybridsynchaadl Drone_Double_Integrator/verification/symbolic-reachability, symbolic-reachability, three-form-inv, 300, 35.360000s, Found,
hybridsynchaadl Drone_Double_Integrator/verification/symbolic-reachability, symbolic-reachability, three-form-inv, 400, 38.272000s, Found,
hybridsynchaadl Drone_Double_Integrator/verification/symbolic-reachability, symbolic-reachability, three-form-inv, 500, 37.328000s, Found,
hybridsynchaadl Drone_Double_Integrator/verification/symbolic-reachability, symbolic-reachability, three-revu-inv, 100, 1.432000s, Not-Found,
hybridsynchaadl Drone_Double_Integrator/verification/symbolic-reachability, symbolic-reachability, three-revu-inv, 200, 12.956000s, Found,
hybridsynchaadl Drone_Double_Integrator/verification/symbolic-reachability, symbolic-reachability, three-revu-inv, 300, 12.664000s, Found,
hybridsynchaadl Drone_Double_Integrator/verification/symbolic-reachability, symbolic-reachability, three-revu-inv, 400, 13.032000s, Found,
hybridsynchaadl Drone_Double_Integrator/verification/symbolic-reachability, symbolic-reachability, three-revu-inv, 500, 13.104000s, Found,
hybridsynchaadl Drone_Double_Integrator/verification/symbolic-reachability, symbolic-reachability, two-form-inv, 100, 1.440000s, Not-Found,
hybridsynchaadl Drone_Double_Integrator/verification/symbolic-reachability, symbolic-reachability, two-form-inv, 200, 40.516000s, Found,
hybridsynchaadl Drone_Double_Integrator/verification/symbolic-reachability, symbolic-reachability, two-form-inv, 300, 42.664000s, Found,
hybridsynchaadl Drone_Double_Integrator/verification/symbolic-reachability, symbolic-reachability, two-form-inv, 400, 40.840000s, Found,
hybridsynchaadl Drone_Double_Integrator/verification/symbolic-reachability, symbolic-reachability, two-form-inv, 500, 42.720000s, Found,
hybridsynchaadl Drone_Double_Integrator/verification/symbolic-reachability, symbolic-reachability, two-revu-inv, 100, 0.972000s, Not-Found,
hybridsynchaadl Drone_Double_Integrator/verification/symbolic-reachability, symbolic-reachability, two-revu-inv, 200, 7.024000s, Found,
hybridsynchaadl Drone_Double_Integrator/verification/symbolic-reachability, symbolic-reachability, two-revu-inv, 300, 6.896000s, Found,
hybridsynchaadl Drone_Double_Integrator/verification/symbolic-reachability, symbolic-reachability, two-revu-inv, 400, 6.552000s, Found,
hybridsynchaadl Drone_Double_Integrator/verification/symbolic-reachability, symbolic-reachability, two-revu-inv, 500, 6.956000s, Found,
hybridsynchaadl Drone_Single_Integrator/verification/randomized-simulation, randomized-simulation, four-form-inv, 100, Time-Out, Not-Found,
hybridsynchaadl Drone_Single_Integrator/verification/randomized-simulation, randomized-simulation, four-form-inv, 200, Time-Out, Not-Found,
hybridsynchaadl Drone_Single_Integrator/verification/randomized-simulation, randomized-simulation, four-form-inv, 300, Time-Out, Not-Found,
hybridsynchaadl Drone_Single_Integrator/verification/randomized-simulation, randomized-simulation, four-form-inv, 400, 17.112000s, Found,
hybridsynchaadl Drone_Single_Integrator/verification/randomized-simulation, randomized-simulation, four-form-inv, 500, 0.408000s, Found,
hybridsynchaadl Drone_Single_Integrator/verification/randomized-simulation, randomized-simulation, four-revu-inv, 100, Time-Out, Not-Found,
hybridsynchaadl Drone_Single_Integrator/verification/randomized-simulation, randomized-simulation, four-revu-inv, 200, Time-Out, Not-Found,
hybridsynchaadl Drone_Single_Integrator/verification/randomized-simulation, randomized-simulation, four-revu-inv, 300, Time-Out, Not-Found,
hybridsynchaadl Drone_Single_Integrator/verification/randomized-simulation, randomized-simulation, four-revu-inv, 400, Time-Out, Not-Found,
hybridsynchaadl Drone_Single_Integrator/verification/randomized-simulation, randomized-simulation, four-revu-inv, 500, 17.492000s, Found,
hybridsynchaadl Drone_Single_Integrator/verification/randomized-simulation, randomized-simulation, three-form-inv, 100, Time-Out, Not-Found,
hybridsynchaadl Drone_Single_Integrator/verification/randomized-simulation, randomized-simulation, three-form-inv, 200, Time-Out, Not-Found,
hybridsynchaadl Drone_Single_Integrator/verification/randomized-simulation, randomized-simulation, three-form-inv, 300, Time-Out, Not-Found,
hybridsynchaadl Drone_Single_Integrator/verification/randomized-simulation, randomized-simulation, three-form-inv, 400, Time-Out, Not-Found,
hybridsynchaadl Drone_Single_Integrator/verification/randomized-simulation, randomized-simulation, three-form-inv, 500, 7.588000s, Found,
hybridsynchaadl Drone_Single_Integrator/verification/randomized-simulation, randomized-simulation, three-revu-inv, 100, Time-Out, Not-Found,
hybridsynchaadl Drone_Single_Integrator/verification/randomized-simulation, randomized-simulation, three-revu-inv, 200, Time-Out, Not-Found,
hybridsynchaadl Drone_Single_Integrator/verification/randomized-simulation, randomized-simulation, three-revu-inv, 300, 28.420000s, Found,
hybridsynchaadl Drone_Single_Integrator/verification/randomized-simulation, randomized-simulation, three-revu-inv, 400, 4.324000s, Found,
hybridsynchaadl Drone_Single_Integrator/verification/randomized-simulation, randomized-simulation, three-revu-inv, 500, 0.092000s, Found,
hybridsynchaadl Drone_Single_Integrator/verification/randomized-simulation, randomized-simulation, two-form-inv, 100, Time-Out, Not-Found,
hybridsynchaadl Drone_Single_Integrator/verification/randomized-simulation, randomized-simulation, two-form-inv, 200, Time-Out, Not-Found,
hybridsynchaadl Drone_Single_Integrator/verification/randomized-simulation, randomized-simulation, two-form-inv, 300, Time-Out, Not-Found,
hybridsynchaadl Drone_Single_Integrator/verification/randomized-simulation, randomized-simulation, two-form-inv, 400, Time-Out, Not-Found,
hybridsynchaadl Drone_Single_Integrator/verification/randomized-simulation, randomized-simulation, two-form-inv, 500, Time-Out, Not-Found,
hybridsynchaadl Drone_Single_Integrator/verification/randomized-simulation, randomized-simulation, two-revu-inv, 100, Time-Out, Not-Found,
hybridsynchaadl Drone_Single_Integrator/verification/randomized-simulation, randomized-simulation, two-revu-inv, 200, Time-Out, Not-Found,
hybridsynchaadl Drone_Single_Integrator/verification/randomized-simulation, randomized-simulation, two-revu-inv, 300, Time-Out, Not-Found,
hybridsynchaadl Drone_Single_Integrator/verification/randomized-simulation, randomized-simulation, two-revu-inv, 400, 6.732000s, Found,
hybridsynchaadl Drone_Single_Integrator/verification/randomized-simulation, randomized-simulation, two-revu-inv, 500, 0.176000s, Found,
hybridsynchaadl Drone_Single_Integrator/verification/symbolic-reachability, symbolic-reachability, four-form-inv, 100, 1.748000s, Not-Found,
hybridsynchaadl Drone_Single_Integrator/verification/symbolic-reachability, symbolic-reachability, four-form-inv, 200, 6.256000s, Not-Found,
hybridsynchaadl Drone_Single_Integrator/verification/symbolic-reachability, symbolic-reachability, four-form-inv, 300, 85.144000s, Found,
hybridsynchaadl Drone_Single_Integrator/verification/symbolic-reachability, symbolic-reachability, four-form-inv, 400, 88.208000s, Found,
hybridsynchaadl Drone_Single_Integrator/verification/symbolic-reachability, symbolic-reachability, four-form-inv, 500, 90.372000s, Found,
hybridsynchaadl Drone_Single_Integrator/verification/symbolic-reachability, symbolic-reachability, four-revu-inv, 100, 1.388000s, Not-Found,
hybridsynchaadl Drone_Single_Integrator/verification/symbolic-reachability, symbolic-reachability, four-revu-inv, 200, 5.524000s, Not-Found,
hybridsynchaadl Drone_Single_Integrator/verification/symbolic-reachability, symbolic-reachability, four-revu-inv, 300, 16.616000s, Not-Found,
hybridsynchaadl Drone_Single_Integrator/verification/symbolic-reachability, symbolic-reachability, four-revu-inv, 400, 67.344000s, Found,
hybridsynchaadl Drone_Single_Integrator/verification/symbolic-reachability, symbolic-reachability, four-revu-inv, 500, 66.348000s, Found,
hybridsynchaadl Drone_Single_Integrator/verification/symbolic-reachability, symbolic-reachability, three-form-inv, 100, 1.316000s, Not-Found,
hybridsynchaadl Drone_Single_Integrator/verification/symbolic-reachability, symbolic-reachability, three-form-inv, 200, 4.012000s, Not-Found,
hybridsynchaadl Drone_Single_Integrator/verification/symbolic-reachability, symbolic-reachability, three-form-inv, 300, 47.944000s, Found,
hybridsynchaadl Drone_Single_Integrator/verification/symbolic-reachability, symbolic-reachability, three-form-inv, 400, 47.308000s, Found,
hybridsynchaadl Drone_Single_Integrator/verification/symbolic-reachability, symbolic-reachability, three-form-inv, 500, 46.456000s, Found,
hybridsynchaadl Drone_Single_Integrator/verification/symbolic-reachability, symbolic-reachability, three-revu-inv, 100, 0.956000s, Not-Found,
hybridsynchaadl Drone_Single_Integrator/verification/symbolic-reachability, symbolic-reachability, three-revu-inv, 200, 7.388000s, Found,
hybridsynchaadl Drone_Single_Integrator/verification/symbolic-reachability, symbolic-reachability, three-revu-inv, 300, 7.344000s, Found,
hybridsynchaadl Drone_Single_Integrator/verification/symbolic-reachability, symbolic-reachability, three-revu-inv, 400, 7.248000s, Found,
hybridsynchaadl Drone_Single_Integrator/verification/symbolic-reachability, symbolic-reachability, three-revu-inv, 500, 7.684000s, Found,
hybridsynchaadl Drone_Single_Integrator/verification/symbolic-reachability, symbolic-reachability, two-form-inv, 100, 0.920000s, Not-Found,
hybridsynchaadl Drone_Single_Integrator/verification/symbolic-reachability, symbolic-reachability, two-form-inv, 200, 2.588000s, Not-Found,
hybridsynchaadl Drone_Single_Integrator/verification/symbolic-reachability, symbolic-reachability, two-form-inv, 300, 33.852000s, Found,
hybridsynchaadl Drone_Single_Integrator/verification/symbolic-reachability, symbolic-reachability, two-form-inv, 400, 34.192000s, Found,
hybridsynchaadl Drone_Single_Integrator/verification/symbolic-reachability, symbolic-reachability, two-form-inv, 500, 34.132000s, Found,
hybridsynchaadl Drone_Single_Integrator/verification/symbolic-reachability, symbolic-reachability, two-revu-inv, 100, 0.720000s, Not-Found,
hybridsynchaadl Drone_Single_Integrator/verification/symbolic-reachability, symbolic-reachability, two-revu-inv, 200, 1.792000s, Not-Found,
hybridsynchaadl Drone_Single_Integrator/verification/symbolic-reachability, symbolic-reachability, two-revu-inv, 300, 12.264000s, Found,
hybridsynchaadl Drone_Single_Integrator/verification/symbolic-reachability, symbolic-reachability, two-revu-inv, 400, 12.352000s, Found,
hybridsynchaadl Drone_Single_Integrator/verification/symbolic-reachability, symbolic-reachability, two-revu-inv, 500, 12.464000s, Found,
hybridsynchaadl Thermostat/verification/randomized-simulation, randomized-simulation, four-inv, 100, Time-Out, Not-Found,
hybridsynchaadl Thermostat/verification/randomized-simulation, randomized-simulation, four-inv, 200, Time-Out, Not-Found,
hybridsynchaadl Thermostat/verification/randomized-simulation, randomized-simulation, four-inv, 300, Time-Out, Not-Found,
hybridsynchaadl Thermostat/verification/randomized-simulation, randomized-simulation, four-inv, 400, 5.208000s, Found,
hybridsynchaadl Thermostat/verification/randomized-simulation, randomized-simulation, four-inv, 500, 4.672000s, Found,
hybridsynchaadl Thermostat/verification/randomized-simulation, randomized-simulation, three-inv, 100, Time-Out, Not-Found,
hybridsynchaadl Thermostat/verification/randomized-simulation, randomized-simulation, three-inv, 200, Time-Out, Not-Found,
hybridsynchaadl Thermostat/verification/randomized-simulation, randomized-simulation, three-inv, 300, Time-Out, Not-Found,
hybridsynchaadl Thermostat/verification/randomized-simulation, randomized-simulation, three-inv, 400, Time-Out, Not-Found,
hybridsynchaadl Thermostat/verification/randomized-simulation, randomized-simulation, three-inv, 500, Time-Out, Not-Found,
hybridsynchaadl Thermostat/verification/randomized-simulation, randomized-simulation, two-inv, 100, Time-Out, Not-Found,
hybridsynchaadl Thermostat/verification/randomized-simulation, randomized-simulation, two-inv, 200, Time-Out, Not-Found,
hybridsynchaadl Thermostat/verification/randomized-simulation, randomized-simulation, two-inv, 300, Time-Out, Not-Found,
hybridsynchaadl Thermostat/verification/randomized-simulation, randomized-simulation, two-inv, 400, Time-Out, Not-Found,
hybridsynchaadl Thermostat/verification/randomized-simulation, randomized-simulation, two-inv, 500, Time-Out, Not-Found,
hybridsynchaadl Thermostat/verification/symbolic-reachability, symbolic-reachability, four-inv, 100, 0.460000s, Not-Found,
hybridsynchaadl Thermostat/verification/symbolic-reachability, symbolic-reachability, four-inv, 200, 1.088000s, Not-Found,
hybridsynchaadl Thermostat/verification/symbolic-reachability, symbolic-reachability, four-inv, 300, 2.704000s, Not-Found,
hybridsynchaadl Thermostat/verification/symbolic-reachability, symbolic-reachability, four-inv, 400, 15.316000s, Found,
hybridsynchaadl Thermostat/verification/symbolic-reachability, symbolic-reachability, four-inv, 500, 15.212000s, Found,
hybridsynchaadl Thermostat/verification/symbolic-reachability, symbolic-reachability, three-inv, 100, 0.400000s, Not-Found,
hybridsynchaadl Thermostat/verification/symbolic-reachability, symbolic-reachability, three-inv, 200, 0.856000s, Not-Found,
hybridsynchaadl Thermostat/verification/symbolic-reachability, symbolic-reachability, three-inv, 300, 1.700000s, Not-Found,
hybridsynchaadl Thermostat/verification/symbolic-reachability, symbolic-reachability, three-inv, 400, 3.556000s, Not-Found,
hybridsynchaadl Thermostat/verification/symbolic-reachability, symbolic-reachability, three-inv, 500, 18.848000s, Found,
hybridsynchaadl Thermostat/verification/symbolic-reachability, symbolic-reachability, two-inv, 100, 0.324000s, Not-Found,
hybridsynchaadl Thermostat/verification/symbolic-reachability, symbolic-reachability, two-inv, 200, 0.564000s, Not-Found,
hybridsynchaadl Thermostat/verification/symbolic-reachability, symbolic-reachability, two-inv, 300, 1.072000s, Not-Found,
hybridsynchaadl Thermostat/verification/symbolic-reachability, symbolic-reachability, two-inv, 400, 1.864000s, Not-Found,
hybridsynchaadl Thermostat/verification/symbolic-reachability, symbolic-reachability, two-inv, 500, 9.540000s, Found,
hybridsynchaadl WaterTank/verification/randomized-simulation, randomized-simulation, four-inv, 100, Time-Out, Not-Found,
hybridsynchaadl WaterTank/verification/randomized-simulation, randomized-simulation, four-inv, 200, Time-Out, Not-Found,
hybridsynchaadl WaterTank/verification/randomized-simulation, randomized-simulation, four-inv, 300, Time-Out, Not-Found,
hybridsynchaadl WaterTank/verification/randomized-simulation, randomized-simulation, four-inv, 400, Time-Out, Not-Found,
hybridsynchaadl WaterTank/verification/randomized-simulation, randomized-simulation, four-inv, 500, Time-Out, Not-Found,
hybridsynchaadl WaterTank/verification/randomized-simulation, randomized-simulation, three-inv, 100, Time-Out, Not-Found,
hybridsynchaadl WaterTank/verification/randomized-simulation, randomized-simulation, three-inv, 200, Time-Out, Not-Found,
hybridsynchaadl WaterTank/verification/randomized-simulation, randomized-simulation, three-inv, 300, Time-Out, Not-Found,
hybridsynchaadl WaterTank/verification/randomized-simulation, randomized-simulation, three-inv, 400, Time-Out, Found,
hybridsynchaadl WaterTank/verification/randomized-simulation, randomized-simulation, three-inv, 500, 0.056000s, Found,
hybridsynchaadl WaterTank/verification/randomized-simulation, randomized-simulation, two-inv, 100, Time-Out, Not-Found,
hybridsynchaadl WaterTank/verification/randomized-simulation, randomized-simulation, two-inv, 200, Time-Out, Not-Found,
hybridsynchaadl WaterTank/verification/randomized-simulation, randomized-simulation, two-inv, 300, Time-Out, Not-Found,
hybridsynchaadl WaterTank/verification/randomized-simulation, randomized-simulation, two-inv, 400, Time-Out, Not-Found,
hybridsynchaadl WaterTank/verification/randomized-simulation, randomized-simulation, two-inv, 500, Time-Out, Not-Found,
hybridsynchaadl WaterTank/verification/symbolic-reachability, symbolic-reachability, four-inv, 100, 0.472000s, Not-Found,
hybridsynchaadl WaterTank/verification/symbolic-reachability, symbolic-reachability, four-inv, 200, 0.888000s, Not-Found,
hybridsynchaadl WaterTank/verification/symbolic-reachability, symbolic-reachability, four-inv, 300, 1.616000s, Not-Found,
hybridsynchaadl WaterTank/verification/symbolic-reachability, symbolic-reachability, four-inv, 400, 2.800000s, Not-Found,
hybridsynchaadl WaterTank/verification/symbolic-reachability, symbolic-reachability, four-inv, 500, 15.004000s, Found,
hybridsynchaadl WaterTank/verification/symbolic-reachability, symbolic-reachability, three-inv, 100, 0.392000s, Not-Found,
hybridsynchaadl WaterTank/verification/symbolic-reachability, symbolic-reachability, three-inv, 200, 0.668000s, Not-Found,
hybridsynchaadl WaterTank/verification/symbolic-reachability, symbolic-reachability, three-inv, 300, 3.176000s, Found,
hybridsynchaadl WaterTank/verification/symbolic-reachability, symbolic-reachability, three-inv, 400, 3.144000s, Found,
hybridsynchaadl WaterTank/verification/symbolic-reachability, symbolic-reachability, three-inv, 500, 3.180000s, Found,
hybridsynchaadl WaterTank/verification/symbolic-reachability, symbolic-reachability, two-inv, 100, 0.332000s, Not-Found,
hybridsynchaadl WaterTank/verification/symbolic-reachability, symbolic-reachability, two-inv, 200, 0.468000s, Not-Found,
hybridsynchaadl WaterTank/verification/symbolic-reachability, symbolic-reachability, two-inv, 300, 0.724000s, Not-Found,
hybridsynchaadl WaterTank/verification/symbolic-reachability, symbolic-reachability, two-inv, 400, 1.032000s, Not-Found,
hybridsynchaadl WaterTank/verification/symbolic-reachability, symbolic-reachability, two-inv, 500, 4.428000s, Found,
